{
  "steps": [
    0,
    100,
    200,
    300,
    400,
    500,
    600,
    700,
    800,
    900,
    1000,
    1500,
    2000,
    2500,
    3000,
    3500,
    4000,
    4500,
    5000,
    5500,
    6000,
    6500,
    7000,
    7500,
    8000,
    8500,
    9000,
    9500,
    10000,
    10500,
    11000,
    11500,
    12000,
    12500,
    13000,
    13500,
    14000,
    14500,
    15000,
    15500,
    16000,
    16500,
    17000,
    17500,
    18000,
    18500,
    19000,
    19500,
    20000,
    20500,
    21000,
    21500,
    22000,
    22500,
    22999
  ],
  "train_loss": [
    8.459253311157227,
    7.975076675415039,
    7.493626594543457,
    7.0542097091674805,
    6.773731708526611,
    6.62262487411499,
    6.515859127044678,
    6.442660808563232,
    6.404091835021973,
    6.3666510581970215,
    6.326405048370361,
    6.211057186126709,
    6.147128582000732,
    6.098217964172363,
    6.054242134094238,
    6.028112411499023,
    5.98314094543457,
    5.963506698608398,
    5.933632850646973,
    5.9143500328063965,
    5.910713195800781,
    5.876968860626221,
    5.868593692779541,
    5.854637145996094,
    5.841647624969482,
    5.826789855957031,
    5.8133158683776855,
    5.796741008758545,
    5.796592712402344,
    5.776449203491211,
    5.7711992263793945,
    5.774875164031982,
    5.760884761810303,
    5.740493297576904,
    5.751827716827393,
    5.744292259216309,
    5.712628364562988,
    5.7317352294921875,
    5.717032432556152,
    5.719601631164551,
    5.69993782043457,
    5.684520244598389,
    5.698567867279053,
    5.690707206726074,
    5.710955619812012,
    5.676483631134033,
    5.669396877288818,
    5.689182758331299,
    5.671797275543213,
    5.668283939361572,
    5.665326118469238,
    5.6658406257629395,
    5.653322696685791,
    5.657553195953369,
    5.662356853485107
  ],
  "val_loss": [
    8.457837104797363,
    7.993777751922607,
    7.512478351593018,
    7.102259159088135,
    6.827286720275879,
    6.687774658203125,
    6.600740909576416,
    6.533446788787842,
    6.479859828948975,
    6.459793567657471,
    6.4238691329956055,
    6.339738845825195,
    6.275358200073242,
    6.259740352630615,
    6.208040237426758,
    6.200655937194824,
    6.173018455505371,
    6.160181045532227,
    6.132966041564941,
    6.136353015899658,
    6.131199359893799,
    6.102516174316406,
    6.09789514541626,
    6.083287239074707,
    6.079338073730469,
    6.0739054679870605,
    6.072249889373779,
    6.058385372161865,
    6.052794456481934,
    6.056859970092773,
    6.0491862297058105,
    6.027873516082764,
    6.009894371032715,
    6.013970851898193,
    6.019309043884277,
    5.999348163604736,
    5.995348930358887,
    6.015690803527832,
    5.981179714202881,
    6.005187511444092,
    6.016959190368652,
    5.993794918060303,
    5.976430416107178,
    5.988131046295166,
    5.974817276000977,
    5.990542888641357,
    5.974349021911621,
    5.982039928436279,
    5.968669414520264,
    5.955681324005127,
    5.9797821044921875,
    5.966280937194824,
    5.964426040649414,
    5.9678263664245605,
    5.978288173675537
  ],
  "train_perplexity": [
    4718.533405663066,
    2907.5808035199043,
    1796.5556707863843,
    1157.722172431549,
    874.5694503600575,
    751.9161943943403,
    675.7742881673763,
    628.0757678059828,
    604.31273373495,
    582.105124784002,
    559.142884803461,
    498.2276923689864,
    467.37343369040167,
    445.0639430863502,
    425.9159958969819,
    414.9310706014009,
    396.68437743422385,
    388.97174211750087,
    377.52351217128916,
    370.31353281886913,
    368.96920888428383,
    356.7263141093935,
    353.75114750392675,
    348.8482960850057,
    344.34622697041186,
    339.2678305129236,
    334.7271988807652,
    329.2248686926716,
    329.17604946422,
    322.6116260037996,
    320.92236053379645,
    322.1042220161749,
    317.6292308471659,
    311.2178961554109,
    314.76543694699006,
    312.402449616347,
    302.6655391233878,
    308.50412965391087,
    304.00143827298126,
    304.78348252847456,
    298.8488180996903,
    294.2766303762531,
    298.4396895257891,
    296.10295261096746,
    302.15968013595324,
    291.92112068473625,
    289.8596607174593,
    295.65190282858094,
    290.55627508253195,
    289.53724435544655,
    288.6821103350616,
    288.83067760258405,
    285.2376512082178,
    286.44690495276706,
    287.8262079825822
  ],
  "val_perplexity": [
    4711.8557182525155,
    2962.467313375016,
    1830.7451552045138,
    1214.7081960724565,
    922.6839135036548,
    802.5343503023068,
    735.6400301212481,
    687.7647104304868,
    651.8795652230338,
    638.9291473142627,
    616.3833756385853,
    566.6483094851123,
    531.3166653446302,
    523.0831053219249,
    496.72683013080456,
    493.0723595437296,
    479.631670161641,
    473.5137946319732,
    460.80089035090634,
    462.3642571870888,
    459.9875205581846,
    446.9810385293468,
    444.9202912858519,
    438.46817800931126,
    436.74000933411537,
    434.3738061949297,
    433.65526117922826,
    427.6843280456703,
    425.2998529407891,
    427.0324348127993,
    423.7680398499596,
    414.83195730989735,
    407.44028050475816,
    409.10459297628057,
    411.2943112042228,
    403.1659096101885,
    401.556774898091,
    409.8088385482121,
    395.90715005451125,
    405.5270225641904,
    410.3289644769886,
    400.9332353508671,
    394.03132692817763,
    398.6688196529561,
    393.39621159434455,
    399.6315064520342,
    393.2120453311965,
    396.247861541518,
    390.9850854076089,
    385.9397711518956,
    395.3542128622617,
    390.05234075967746,
    389.32950462065344,
    390.6556050793037,
    394.7640219821131
  ]
}