{
  "steps": [
    0,
    100,
    200,
    300,
    400,
    500,
    600,
    700,
    800,
    900,
    999
  ],
  "train_loss": [
    8.459421157836914,
    7.2858991622924805,
    6.565832614898682,
    6.048998832702637,
    5.728557109832764,
    5.537529468536377,
    5.420278549194336,
    5.328766345977783,
    5.2695488929748535,
    5.21372127532959,
    5.183935642242432
  ],
  "val_loss": [
    8.459404945373535,
    7.278875350952148,
    6.5661163330078125,
    6.048039436340332,
    5.727650165557861,
    5.540531158447266,
    5.417191982269287,
    5.325360298156738,
    5.267990589141846,
    5.225327014923096,
    5.176711559295654
  ],
  "train_perplexity": [
    4719.32546229838,
    1459.5729359538975,
    710.4031422629499,
    423.6886344296522,
    307.52522297966664,
    254.04958602500767,
    225.94204971337868,
    206.18345814378233,
    194.3282798175447,
    183.77667090265703,
    178.38348486649966
  ],
  "val_perplexity": [
    4719.248951027369,
    1449.357090100229,
    710.6047250941909,
    423.2823440229635,
    307.2464411781858,
    254.8133097617238,
    225.24573961242524,
    205.48238205255728,
    194.0256931364669,
    185.92195984130498,
    177.0994712699553
  ]
}