{
  "steps": [
    0,
    100,
    200,
    300,
    400,
    500,
    600,
    700,
    800,
    900,
    999
  ],
  "train_loss": [
    8.462175369262695,
    7.274914741516113,
    6.554214954376221,
    6.0446953773498535,
    5.726470470428467,
    5.535120964050293,
    5.410971641540527,
    5.331724643707275,
    5.27142333984375,
    5.223301410675049,
    5.187653064727783
  ],
  "val_loss": [
    8.462514877319336,
    7.271344184875488,
    6.557107925415039,
    6.060077667236328,
    5.734989643096924,
    5.543807506561279,
    5.407901763916016,
    5.329373359680176,
    5.271748065948486,
    5.215216159820557,
    5.176630020141602
  ],
  "train_perplexity": [
    4732.341398500832,
    1443.628105357449,
    702.1976761725796,
    421.8692269851655,
    306.88419775841373,
    253.43844272350174,
    223.84898301897795,
    206.79431330008612,
    194.69287945776048,
    185.54573669788323,
    179.04784573409208
  ],
  "val_perplexity": [
    4733.948339301636,
    1438.4827408135086,
    704.2320549939212,
    428.40870888763516,
    309.50976517996816,
    255.64953600468812,
    223.16284774924756,
    206.30865232152883,
    194.7561115841321,
    184.05160124114204,
    177.08503131760352
  ]
}