{
  "steps": [
    0,
    100,
    200,
    300,
    400,
    500,
    600,
    700,
    800,
    900,
    1000,
    1500,
    2000,
    2500,
    3000,
    3500,
    4000,
    4500,
    5000,
    5500,
    6000,
    6500,
    7000,
    7500,
    8000,
    8500,
    9000,
    9500,
    10000,
    10500,
    11000,
    11500,
    12000,
    12500,
    13000,
    13500,
    14000,
    14500,
    15000,
    15500,
    16000,
    16500,
    17000,
    17500,
    18000,
    18500,
    19000,
    19500,
    20000,
    20500,
    21000,
    21500,
    22000,
    22500,
    22999
  ],
  "train_loss": [
    8.462884902954102,
    7.945478439331055,
    7.481799125671387,
    7.0928053855896,
    6.844193935394287,
    6.699861526489258,
    6.614745140075684,
    6.561299800872803,
    6.522634029388428,
    6.496060371398926,
    6.463905334472656,
    6.392965316772461,
    6.348471164703369,
    6.310661315917969,
    6.296663761138916,
    6.2669243812561035,
    6.255002498626709,
    6.2404022216796875,
    6.219168186187744,
    6.218104839324951,
    6.200741767883301,
    6.207241535186768,
    6.1998515129089355,
    6.200541973114014,
    6.192997455596924,
    6.188875675201416,
    6.174904823303223,
    6.176156997680664,
    6.173813343048096,
    6.157681941986084,
    6.161038398742676,
    6.152257442474365,
    6.1534318923950195,
    6.156361103057861,
    6.157412052154541,
    6.146103858947754,
    6.151424884796143,
    6.143782615661621,
    6.149660110473633,
    6.1400675773620605,
    6.141577243804932,
    6.1403045654296875,
    6.129299640655518,
    6.131738662719727,
    6.122445106506348,
    6.133345603942871,
    6.128519058227539,
    6.118864059448242,
    6.122848987579346,
    6.121889114379883,
    6.129870414733887,
    6.117850303649902,
    6.116434097290039,
    6.1128950119018555,
    6.1177287101745605
  ],
  "val_loss": [
    8.466672897338867,
    7.945284843444824,
    7.480772018432617,
    7.095915794372559,
    6.848272323608398,
    6.699197292327881,
    6.619407653808594,
    6.568087577819824,
    6.514553546905518,
    6.487519264221191,
    6.469290733337402,
    6.397008419036865,
    6.347781181335449,
    6.312124252319336,
    6.289883613586426,
    6.266848564147949,
    6.2682623863220215,
    6.251839637756348,
    6.2373552322387695,
    6.236696243286133,
    6.212118148803711,
    6.209611415863037,
    6.213784694671631,
    6.198155403137207,
    6.183154106140137,
    6.190523624420166,
    6.184121608734131,
    6.174075126647949,
    6.174673080444336,
    6.168353080749512,
    6.167764663696289,
    6.162504196166992,
    6.163486957550049,
    6.149428844451904,
    6.154191970825195,
    6.1533637046813965,
    6.146205425262451,
    6.147032260894775,
    6.150503635406494,
    6.1452178955078125,
    6.140180587768555,
    6.146927833557129,
    6.138996601104736,
    6.1383280754089355,
    6.127236843109131,
    6.130616188049316,
    6.134599208831787,
    6.129097938537598,
    6.122513294219971,
    6.112052917480469,
    6.122873306274414,
    6.112462043762207,
    6.117381572723389,
    6.114569664001465,
    6.125117301940918
  ],
  "train_perplexity": [
    4735.700345664477,
    2822.782668638128,
    1775.4321297705135,
    1203.2787308322354,
    938.4165516968015,
    812.2933362693308,
    746.0145768868691,
    707.190304035782,
    680.3681368430167,
    662.5263769943656,
    641.5616834578807,
    597.6261055034014,
    571.6181306665392,
    550.4088225967886,
    542.758115465197,
    526.8544799355341,
    520.6106755675432,
    513.0648352458146,
    502.2852503939245,
    501.7514308166768,
    493.1146821000791,
    496.330251694041,
    492.67587965341863,
    493.01617020734494,
    489.31059703254436,
    487.29791696846,
    480.5372857926015,
    481.1393791535454,
    480.013074968231,
    472.33191206723774,
    473.91993728296774,
    469.77668452181535,
    470.32873782770247,
    471.7084495281753,
    472.2044516879614,
    466.89475065920504,
    469.3857311042841,
    465.8122312354455,
    468.5581017230184,
    464.0849314350703,
    464.78607399523327,
    464.1949270594963,
    459.11450292276476,
    460.2356600330589,
    455.9782479471578,
    460.97582623003893,
    458.7562660442491,
    454.3482886062069,
    456.1624461257776,
    455.72479809604977,
    459.37662838012824,
    453.8879237823478,
    453.2455797712182,
    451.6443400958704,
    453.8327373275038
  ],
  "val_perplexity": [
    4753.673170971604,
    2822.2362424203975,
    1773.609506752961,
    1207.0272462504752,
    942.2515937806199,
    811.7539624414143,
    749.5010015319922,
    712.0068825156526,
    674.892586369609,
    656.8917653652372,
    645.0260691961611,
    600.047260153602,
    571.2238596994247,
    551.2146249741004,
    539.0905826137933,
    526.8145368666503,
    527.5598857117022,
    518.9666577035044,
    511.5039113772405,
    511.16694699051095,
    498.756573867393,
    497.50789004659885,
    499.58846757664134,
    491.84095554127447,
    484.5177692709538,
    488.1016212400525,
    484.98676831186975,
    480.1387509682131,
    480.4259376107616,
    477.3992203323356,
    477.11839311975996,
    474.6151172784229,
    475.08177995897034,
    468.4497526840928,
    470.6863604498206,
    470.29666827980583,
    466.94217384663943,
    467.3284179323923,
    468.9535089087804,
    466.48128216585013,
    464.1373808254272,
    467.27961861793665,
    463.58817354755433,
    463.2783565131315,
    458.16841877812743,
    459.71934699061904,
    461.5540701484475,
    459.0219078937781,
    456.0093411214213,
    451.2641730073824,
    456.17353953609467,
    451.4488348129898,
    453.6752223290689,
    452.4013209011259,
    457.1983403762762
  ]
}