{
  "steps": [
    0,
    100,
    200,
    250,
    300,
    400,
    499
  ],
  "train_loss": [
    8.444536209106445,
    6.419722557067871,
    6.2209577560424805,
    6.112793922424316,
    6.023828029632568,
    5.86748743057251,
    5.713353157043457
  ],
  "val_loss": [
    8.442034721374512,
    6.424156188964844,
    6.232638359069824,
    6.128354072570801,
    6.02244234085083,
    5.874176979064941,
    5.726970195770264
  ],
  "train_perplexity": [
    4649.598771252609,
    613.8327869303632,
    503.18492971589853,
    451.59868591311425,
    413.15715023630526,
    353.3600223621193,
    302.88498834820865
  ],
  "val_perplexity": [
    4637.982392140227,
    616.5603375636749,
    509.0968935635144,
    458.68058408380364,
    412.585039483398,
    355.731765467625,
    307.03759389380645
  ]
}