{
  "steps": [
    0,
    100,
    200,
    300,
    400,
    500,
    600,
    700,
    800,
    900,
    1000,
    1500,
    2000,
    2500,
    3000,
    3500,
    4000,
    4500,
    5000,
    5500,
    6000,
    6500,
    7000,
    7500,
    8000,
    8500,
    9000,
    9500,
    10000,
    10500,
    11000,
    11500,
    12000,
    12500,
    13000,
    13500,
    14000,
    14500,
    15000,
    15500,
    16000,
    16500,
    17000,
    17500,
    18000,
    18500,
    19000,
    19500,
    20000,
    20500,
    21000,
    21500,
    22000,
    22500,
    23000,
    23500,
    24000,
    24500,
    24999
  ],
  "train_loss": [
    8.41822624206543,
    6.614120006561279,
    6.3319268226623535,
    6.114191055297852,
    5.932431697845459,
    5.777970790863037,
    5.638689041137695,
    5.544483184814453,
    5.451510429382324,
    5.370457649230957,
    5.309879302978516,
    5.080146789550781,
    4.921345233917236,
    4.8073554039001465,
    4.7286057472229,
    4.6538004875183105,
    4.610965728759766,
    4.564241409301758,
    4.507811069488525,
    4.473520278930664,
    4.4466776847839355,
    4.415994644165039,
    4.388259410858154,
    4.355360507965088,
    4.350759029388428,
    4.32093620300293,
    4.300457000732422,
    4.289583683013916,
    4.274245262145996,
    4.262939453125,
    4.2470703125,
    4.249088287353516,
    4.234126567840576,
    4.224677562713623,
    4.213907718658447,
    4.2012104988098145,
    4.183446884155273,
    4.180572032928467,
    4.1829514503479,
    4.15989875793457,
    4.158595085144043,
    4.154113292694092,
    4.150031566619873,
    4.142194747924805,
    4.1331353187561035,
    4.126965522766113,
    4.127292156219482,
    4.111888885498047,
    4.1086015701293945,
    4.108872890472412,
    4.106701850891113,
    4.084783554077148,
    4.084127902984619,
    4.078956127166748,
    4.08509635925293,
    4.0786213874816895,
    4.082245826721191,
    4.069234848022461,
    4.064794063568115
  ],
  "val_loss": [
    8.416349411010742,
    6.602910995483398,
    6.337724685668945,
    6.11158561706543,
    5.934701919555664,
    5.7764177322387695,
    5.650442600250244,
    5.550890922546387,
    5.4465155601501465,
    5.376591682434082,
    5.313861846923828,
    5.078857898712158,
    4.925790786743164,
    4.8131303787231445,
    4.735231876373291,
    4.6585540771484375,
    4.608506679534912,
    4.558154106140137,
    4.5124921798706055,
    4.493728160858154,
    4.4539361000061035,
    4.427225112915039,
    4.4035844802856445,
    4.381504535675049,
    4.347512722015381,
    4.342505931854248,
    4.318838596343994,
    4.294722080230713,
    4.292762279510498,
    4.2767534255981445,
    4.263958930969238,
    4.258749008178711,
    4.25498628616333,
    4.2336201667785645,
    4.223575592041016,
    4.222252368927002,
    4.192684173583984,
    4.187429904937744,
    4.187139987945557,
    4.185760974884033,
    4.162424087524414,
    4.163322448730469,
    4.155393123626709,
    4.150233268737793,
    4.157691478729248,
    4.136544704437256,
    4.1256422996521,
    4.129723072052002,
    4.125363349914551,
    4.117082595825195,
    4.123786449432373,
    4.107560157775879,
    4.120576858520508,
    4.097433090209961,
    4.0841145515441895,
    4.093414783477783,
    4.0835700035095215,
    4.0761799812316895,
    4.079477310180664
  ],
  "train_perplexity": [
    4528.863219513736,
    745.5483639104839,
    562.2388854522991,
    452.2300702440469,
    377.07032097743087,
    323.10288142917636,
    281.0939741871935,
    255.82233120700667,
    233.10999632103312,
    214.9612220346767,
    202.32580679212103,
    160.7976576122522,
    137.18703776776636,
    122.40747076778554,
    113.1377097649951,
    104.9832157645045,
    100.5812369420499,
    95.98974945935367,
    90.72301463115113,
    87.66478495877024,
    85.3429363459503,
    82.76412082955964,
    80.50017922810727,
    77.89490200820585,
    77.53729367990272,
    75.25905307241788,
    73.73348225655714,
    72.9360976417725,
    71.82590911493563,
    71.01843229412947,
    69.90032596265048,
    70.04152548332036,
    69.00138437767636,
    68.35246061309968,
    67.6202651641481,
    66.76710364298735,
    65.59155049047303,
    65.40325533104703,
    65.55906226742857,
    64.06503619500744,
    63.98157076812008,
    63.695460270162485,
    63.43600272670255,
    62.94080918000247,
    62.373176473846556,
    61.98953142260214,
    62.00978258449686,
    61.06194773462614,
    60.86154742537433,
    60.878062641654125,
    60.74603732597682,
    59.42907317846361,
    59.39012121255104,
    59.08376171402282,
    59.447665807929475,
    59.06398734405242,
    59.27844959534851,
    58.512174753103324,
    58.252910890603914
  ],
  "val_perplexity": [
    4520.371279841701,
    737.2381656016969,
    565.5081376673223,
    451.05334633557595,
    377.9273266347351,
    322.6014731716391,
    284.4173211475811,
    257.46683676468615,
    231.94854543506858,
    216.28385369413002,
    203.13318485111313,
    160.59054048883777,
    137.79826761183458,
    123.116415929551,
    113.88986402533317,
    105.48345090461933,
    100.33420658369947,
    95.4072056133427,
    91.14869462703915,
    89.4543250928717,
    85.96464439226801,
    83.69883954266595,
    81.74335158441183,
    79.95824298169065,
    77.28599191382709,
    76.90000425584988,
    75.1013546340174,
    73.31183680470988,
    73.168300910955,
    72.00628634832623,
    71.0908709309045,
    70.72145612913481,
    70.45585096177469,
    68.9664508492817,
    68.27717969240494,
    68.18689349763983,
    66.2002456448914,
    65.8533239777768,
    65.83423474744343,
    65.74351104679266,
    64.2270259792949,
    64.28475097288013,
    63.77703187828287,
    63.44879919329872,
    63.92378272310146,
    62.58619361105222,
    61.90755968720485,
    62.160706514115745,
    61.89029299805899,
    61.37991079243551,
    61.792775073426874,
    60.798198449959635,
    61.594763482218305,
    60.185598144268035,
    59.389328274179,
    59.94423920196039,
    59.356996736023774,
    58.91996403743833,
    59.11456319293301
  ]
}