{
  "steps": [
    0,
    100,
    200,
    250,
    299
  ],
  "train_loss": [
    8.463133811950684,
    6.659398078918457,
    6.4124755859375,
    6.245052337646484,
    6.125617027282715
  ],
  "val_loss": [
    8.461092948913574,
    6.65880823135376,
    6.395061016082764,
    6.265875816345215,
    6.116536617279053
  ],
  "train_perplexity": [
    4736.8792507995895,
    780.0812484344732,
    609.4004383939199,
    515.4562019853649,
    457.4268710697233
  ],
  "val_perplexity": [
    4727.221787157715,
    779.621255086133,
    598.8798634114446,
    526.3023283487092,
    453.2920488850427
  ]
}