{
  "steps": [
    0,
    100,
    200,
    250,
    300,
    400,
    500,
    600,
    700,
    750,
    800,
    900,
    1000,
    1250,
    1500,
    1750,
    2000,
    2250,
    2500,
    2750,
    3000,
    3250,
    3500,
    3750,
    4000,
    4250,
    4500,
    4750,
    5000,
    5250,
    5500,
    5750,
    6000,
    6250,
    6500,
    6750,
    7000,
    7250,
    7500,
    7750,
    8000,
    8250,
    8500,
    8750,
    9000,
    9250,
    9500,
    9750,
    10000,
    10250,
    10500,
    10750,
    11000,
    11250,
    11500,
    11750,
    12000,
    12250,
    12500,
    12750,
    13000,
    13250,
    13500,
    13750,
    14000,
    14250,
    14500,
    14750,
    15000,
    15250,
    15500,
    15750,
    16000,
    16250,
    16500,
    16750,
    17000,
    17250,
    17500,
    17750,
    18000,
    18250,
    18500,
    18750,
    19000,
    19250,
    19500,
    19750,
    20000,
    20250,
    20500,
    20750,
    21000,
    21250,
    21500,
    21750,
    22000,
    22250,
    22500,
    22750,
    23000,
    23250,
    23500,
    23750,
    24000,
    24250,
    24500,
    24750,
    25000,
    25250,
    25500,
    25750,
    26000,
    26250,
    26500
  ],
  "train_loss": [
    8.46549129486084,
    8.276217460632324,
    6.848510265350342,
    6.760857582092285,
    6.63140869140625,
    6.39294958114624,
    6.163755893707275,
    5.935252666473389,
    5.771248817443848,
    5.698609828948975,
    5.639364719390869,
    5.546944618225098,
    5.459675312042236,
    5.304661273956299,
    5.195640563964844,
    5.1209611892700195,
    5.056772708892822,
    5.011536598205566,
    4.971250057220459,
    4.934938907623291,
    4.918416976928711,
    4.8776116371154785,
    4.8656768798828125,
    4.837374210357666,
    4.831336975097656,
    4.80389404296875,
    4.774122714996338,
    4.765121936798096,
    4.7444305419921875,
    4.724240303039551,
    4.7045369148254395,
    4.693907737731934,
    4.68848180770874,
    4.670689582824707,
    4.654961109161377,
    4.635627746582031,
    4.627420902252197,
    4.620789051055908,
    4.60297155380249,
    4.591367244720459,
    4.57344388961792,
    4.565467834472656,
    4.5510478019714355,
    4.538702011108398,
    4.531133651733398,
    4.5343017578125,
    4.5100016593933105,
    4.500741958618164,
    4.51140022277832,
    4.494180202484131,
    4.4765143394470215,
    4.481883525848389,
    4.47178840637207,
    4.457324028015137,
    4.464064598083496,
    4.437504291534424,
    4.436408996582031,
    4.43798303604126,
    4.42702054977417,
    4.42393684387207,
    4.411794662475586,
    4.405333995819092,
    4.411806583404541,
    4.402320384979248,
    4.388856887817383,
    4.393406867980957,
    4.387147903442383,
    4.375291347503662,
    4.371917724609375,
    4.36120080947876,
    4.356878757476807,
    4.347339153289795,
    4.34460973739624,
    4.3521199226379395,
    4.34866189956665,
    4.334424018859863,
    4.327816486358643,
    4.329685688018799,
    4.321091651916504,
    4.323829650878906,
    4.315260410308838,
    4.315215110778809,
    4.308657646179199,
    4.312842845916748,
    4.29052734375,
    4.2886643409729,
    4.2881646156311035,
    4.296851634979248,
    4.282526969909668,
    4.287756443023682,
    4.274281978607178,
    4.267235279083252,
    4.276840686798096,
    4.264634132385254,
    4.278262138366699,
    4.26155424118042,
    4.26228141784668,
    4.254227638244629,
    4.245408058166504,
    4.255110263824463,
    4.253217697143555,
    4.245790004730225,
    4.251055717468262,
    4.246706962585449,
    4.23731803894043,
    4.244454383850098,
    4.236586570739746,
    4.242567539215088,
    4.233326435089111,
    4.229166030883789,
    4.228618144989014,
    4.2187981605529785,
    4.208993434906006,
    4.230482578277588,
    4.227386951446533
  ],
  "val_loss": [
    8.465387344360352,
    8.276906967163086,
    6.850492477416992,
    6.757218837738037,
    6.6274943351745605,
    6.3909173011779785,
    6.156649112701416,
    5.936617851257324,
    5.766960620880127,
    5.702326774597168,
    5.6449761390686035,
    5.5455474853515625,
    5.462569236755371,
    5.294119834899902,
    5.194478511810303,
    5.11611270904541,
    5.062171936035156,
    5.002417087554932,
    4.967808246612549,
    4.935142993927002,
    4.912078857421875,
    4.883927822113037,
    4.863171577453613,
    4.8338141441345215,
    4.8293986320495605,
    4.8000807762146,
    4.791988849639893,
    4.764444828033447,
    4.751582145690918,
    4.737922191619873,
    4.712646484375,
    4.705240726470947,
    4.686437129974365,
    4.671725749969482,
    4.659607887268066,
    4.641401767730713,
    4.6344194412231445,
    4.619378089904785,
    4.6025238037109375,
    4.585773944854736,
    4.580386638641357,
    4.567610263824463,
    4.5603156089782715,
    4.541385173797607,
    4.542967319488525,
    4.529959678649902,
    4.517388343811035,
    4.51304817199707,
    4.504374027252197,
    4.492818832397461,
    4.486570358276367,
    4.472503662109375,
    4.466086387634277,
    4.467180252075195,
    4.454899787902832,
    4.459779262542725,
    4.449005603790283,
    4.434473037719727,
    4.431786060333252,
    4.424675464630127,
    4.419505596160889,
    4.409397602081299,
    4.402894496917725,
    4.406580448150635,
    4.383077144622803,
    4.385168552398682,
    4.379949569702148,
    4.372180461883545,
    4.3755645751953125,
    4.368597984313965,
    4.357784748077393,
    4.362081527709961,
    4.350667476654053,
    4.353450298309326,
    4.347625732421875,
    4.347579002380371,
    4.342181205749512,
    4.325311183929443,
    4.335967540740967,
    4.31444787979126,
    4.321859836578369,
    4.3200883865356445,
    4.3008317947387695,
    4.294943332672119,
    4.304158687591553,
    4.309275150299072,
    4.305195331573486,
    4.2930169105529785,
    4.295144557952881,
    4.296103477478027,
    4.281120777130127,
    4.281003475189209,
    4.284031867980957,
    4.273743629455566,
    4.274797439575195,
    4.273184776306152,
    4.268220901489258,
    4.263887405395508,
    4.260221004486084,
    4.253357410430908,
    4.252275466918945,
    4.257826805114746,
    4.247220039367676,
    4.24465799331665,
    4.248280048370361,
    4.248908042907715,
    4.237955093383789,
    4.240806579589844,
    4.233979225158691,
    4.225506782531738,
    4.2262864112854,
    4.237287521362305,
    4.229179382324219,
    4.225399494171143,
    4.22915506362915
  ],