{
  "steps": [
    0,
    100,
    200,
    300,
    400,
    500,
    600,
    700,
    800,
    900,
    1000,
    1500,
    2000,
    2500,
    3000,
    3500,
    4000,
    4500,
    5000,
    5500,
    6000,
    6500,
    7000,
    7500,
    8000,
    8500,
    9000,
    9500,
    10000,
    10500,
    11000,
    11500,
    12000,
    12500,
    13000,
    13500,
    14000,
    14500,
    15000,
    15500,
    16000,
    16500,
    17000,
    17500,
    18000,
    18500,
    19000,
    19500,
    20000,
    20500,
    21000,
    21500,
    22000,
    22500,
    23000,
    23500,
    24000,
    24500,
    24999
  ],
  "train_loss": [
    8.456378936767578,
    8.407063484191895,
    8.119278907775879,
    6.990573883056641,
    6.840656757354736,
    6.732478618621826,
    6.556934833526611,
    6.42629861831665,
    6.308713912963867,
    6.1864471435546875,
    6.0530314445495605,
    5.65247917175293,
    5.3963823318481445,
    5.215604305267334,
    5.0888800621032715,
    4.990711212158203,
    4.918964385986328,
    4.864112854003906,
    4.816219329833984,
    4.772295951843262,
    4.739017963409424,
    4.718147277832031,
    4.679419994354248,
    4.655355453491211,
    4.6368889808654785,
    4.619868755340576,
    4.596235275268555,
    4.57968807220459,
    4.572976589202881,
    4.559587001800537,
    4.539112091064453,
    4.526074409484863,
    4.504703521728516,
    4.5005011558532715,
    4.478392124176025,
    4.479678153991699,
    4.467619895935059,
    4.4583940505981445,
    4.453546047210693,
    4.437631607055664,
    4.430141448974609,
    4.423914909362793,
    4.405035495758057,
    4.405115604400635,
    4.398331165313721,
    4.391291618347168,
    4.377514362335205,
    4.374266147613525,
    4.3646674156188965,
    4.355062484741211,
    4.352556228637695,
    4.346224308013916,
    4.332812309265137,
    4.3287177085876465,
    4.325271129608154,
    4.3257341384887695,
    4.3004961013793945,
    4.306075572967529,
    4.290830612182617
  ],
  "val_loss": [
    8.457880973815918,
    8.4069185256958,
    8.121116638183594,
    7.001534461975098,
    6.846497058868408,
    6.748100757598877,
    6.582859992980957,
    6.439836025238037,
    6.328615665435791,
    6.205009937286377,
    6.088751316070557,
    5.687368392944336,
    5.447293758392334,
    5.28579568862915,
    5.161655902862549,
    5.090273857116699,
    5.015995979309082,
    4.970543384552002,
    4.927974224090576,
    4.885848522186279,
    4.8625407218933105,
    4.829345226287842,
    4.816076278686523,
    4.797008991241455,
    4.768866062164307,
    4.759100437164307,
    4.752570629119873,
    4.7332353591918945,
    4.724871635437012,
    4.703434944152832,
    4.702064037322998,
    4.695591926574707,
    4.671135425567627,
    4.665448188781738,
    4.653848171234131,
    4.644152641296387,
    4.644069671630859,
    4.630575180053711,
    4.6171555519104,
    4.619767665863037,
    4.619072437286377,
    4.595309257507324,
    4.590782642364502,
    4.601012706756592,
    4.587070941925049,
    4.586111068725586,
    4.564012050628662,
    4.574650764465332,
    4.556880474090576,
    4.549073696136475,
    4.538701057434082,
    4.544948101043701,
    4.522513389587402,
    4.524979591369629,
    4.512678623199463,
    4.5124711990356445,
    4.5119524002075195,
    4.502446174621582,
    4.499232769012451
  ],
  "train_perplexity": [
    4704.990047750327,
    4478.58973336391,
    3358.598012767251,
    1086.3447321662527,
    935.1030689221957,
    839.2248084108344,
    704.1101686867008,
    617.8826905461523,
    549.3379978317697,
    486.11593437770233,
    425.40065587517404,
    284.9971475872938,
    220.60688834888447,
    184.12305389825056,
    162.20809729455024,
    147.0409636372711,
    136.8608048023924,
    129.55595257005456,
    123.49730448951166,
    118.19028989904643,
    114.3218782687724,
    111.9606284539316,
    107.70758344464095,
    105.14658807902053,
    103.22271969134556,
    101.48071245395248,
    99.11048869774216,
    97.48398150057908,
    96.83191004669561,
    95.54401217559418,
    93.6076481420242,
    92.39514273703182,
    90.44152612626357,
    90.06225521888125,
    88.09291627250656,
    88.20627926785467,
    87.14905215905523,
    86.34872600196951,
    85.93112018094757,
    84.57439887592682,
    83.94328976280991,
    83.42223740395508,
    81.86204854706646,
    81.86860666733179,
    81.31505398775498,
    80.74464291944186,
    79.63983141338508,
    79.38156382193195,
    78.62324672908922,
    77.87169097727072,
    77.67676894077032,
    77.18647967997187,
    76.15816599652177,
    75.84696627252775,
    75.58600368532747,
    75.62100877949337,
    73.73636533978176,
    74.14892515783333,
    73.0271005146504
  ],
  "val_perplexity": [
    4712.062427272474,
    4477.940570783494,
    3364.775885356073,
    1098.3171920230243,
    940.5803316552671,
    852.4382372835569,
    722.6030163319311,
    626.3040933264638,
    560.3803028314053,
    495.223877097222,
    440.8705593152493,
    295.11596858678917,
    232.1291176367763,
    197.51127841889482,
    174.4530939382684,
    162.43433976288298,
    150.80626190928015,
    144.10517062361876,
    138.09947020457926,
    132.40276436653645,
    129.35243351823672,
    125.12900264415795,
    123.47963932193747,
    121.14752177839357,
    117.7856046531742,
    116.64095282484949,
    115.8817910804673,
    113.66270779113715,
    112.71602870162639,
    110.32548421718103,
    110.17434188206393,
    109.46358387308824,
    106.81895858015079,
    106.21317811078107,
    104.9882218736849,
    103.97522413576067,
    103.96659770406202,
    102.5730451161176,
    101.20574782299438,
    101.47045434025263,
    101.3999336975321,
    99.01875310583289,
    98.57154624888054,
    99.58511511209677,
    98.2063563543568,
    98.11213593193872,
    95.96773590238351,
    96.99415941415347,
    95.28576928752834,
    94.54479053609573,
    93.56918015693726,
    94.15554050831842,
    92.06670692561696,
    92.29404221444392,
    91.1656902774,
    91.14678227138175,
    91.09950769161063,
    90.23759846327057,
    89.94809385519801
  ]
}