{
  "steps": [
    0,
    100,
    200,
    250,
    300,
    400,
    499
  ],
  "train_loss": [
    8.456714630126953,
    6.421132564544678,
    6.151796817779541,
    6.020033836364746,
    5.875217914581299,
    5.6428117752075195,
    5.518707275390625
  ],
  "val_loss": [
    8.457433700561523,
    6.4023027420043945,
    6.1463446617126465,
    6.009469509124756,
    5.864509105682373,
    5.6484832763671875,
    5.4966840744018555
  ],
  "train_perplexity": [
    4706.569746797688,
    614.6989062232877,
    469.5603436096805,
    411.59252228576315,
    356.102252089485,
    282.25524204584735,
    249.3125363310666
  ],
  "val_perplexity": [
    4709.9553190374245,
    603.2325286244333,
    467.0071937438371,
    407.26721141763824,
    352.30916708334905,
    283.8606010730725,
    243.88189577495137
  ]
}