{
  "steps": [
    0,
    100,
    200,
    250,
    300,
    400,
    500,
    600,
    700,
    750,
    800,
    900,
    1000,
    1250,
    1500,
    1750,
    2000,
    2250
  ],
  "train_loss": [
    8.170878410339355,
    8.102590560913086,
    7.700226783752441,
    7.464046001434326,
    7.2768354415893555,
    7.00208854675293,
    6.861883163452148,
    6.826860427856445,
    6.814139366149902,
    6.809122562408447,
    6.808310031890869,
    6.812570095062256,
    6.805812358856201,
    6.804185390472412,
    6.806518077850342,
    6.808592796325684,
    6.803532123565674,
    6.8035478591918945
  ],
  "val_loss": [
    8.170949935913086,
    8.103179931640625,
    7.701834678649902,
    7.460700511932373,
    7.276885509490967,
    7.002230644226074,
    6.86451530456543,
    6.8203043937683105,
    6.814795017242432,
    6.810547351837158,
    6.810798168182373,
    6.806918144226074,
    6.80415678024292,
    6.808983325958252,
    6.808441162109375,
    6.8076581954956055,
    6.808318138122559,
    6.807119846343994
  ],
  "train_perplexity": [
    3536.449053064574,
    3303.0136596583893,
    2208.848866124428,
    1744.1907987438713,
    1446.4035465069157,
    1098.9259214886472,
    955.1641050358081,
    922.2906641713548,
    910.6324573211791,
    906.075433407226,
    905.3395184835097,
    909.2045488152315,
    903.081097953076,
    901.6130081503949,
    903.7186443750004,
    905.5955524977196,
    901.0242065527243,
    901.0383848444063
  ],
  "val_perplexity": [
    3536.702008658352,
    3304.9609329986397,
    2212.40331977369,
    1738.3653766148805,
    1446.4759667103212,
    1099.082087180376,
    957.6815434197026,
    916.263872649945,
    911.2297102600897,
    907.3673202211503,
    907.5949313192741,
    904.0802641488702,
    901.5872131643206,
    905.9492834628082,
    905.458243636448,
    904.7495775286727,
    905.3468574051496,
    904.2626374448404
  ]
}