{
  "steps": [
    0,
    100,
    200,
    300,
    400,
    500,
    600,
    700,
    800,
    900,
    1000,
    1500,
    2000,
    2500,
    3000,
    3500,
    4000,
    4500,
    5000,
    5500,
    6000,
    6500,
    7000,
    7500,
    8000,
    8500,
    9000,
    9500,
    10000,
    10500,
    11000,
    11500,
    12000,
    12500,
    13000,
    13500,
    14000,
    14500,
    15000,
    15500,
    16000,
    16500,
    17000,
    17500,
    18000,
    18500,
    19000,
    19500,
    20000,
    20500,
    21000,
    21500,
    22000,
    22500,
    23000,
    23500,
    24000,
    24500,
    24999
  ],
  "train_loss": [
    8.457545280456543,
    8.212389945983887,
    7.426664352416992,
    6.899285316467285,
    6.709230899810791,
    6.567361354827881,
    6.400821685791016,
    6.201605319976807,
    6.015019416809082,
    5.883808135986328,
    5.767457485198975,
    5.368402004241943,
    5.114479064941406,
    4.984740257263184,
    4.876134395599365,
    4.804702281951904,
    4.758935928344727,
    4.69863748550415,
    4.67820930480957,
    4.65090799331665,
    4.615356922149658,
    4.59266996383667,
    4.566661834716797,
    4.554625034332275,
    4.5302910804748535,
    4.510676383972168,
    4.502676486968994,
    4.488186836242676,
    4.466686248779297,
    4.460623264312744,
    4.456906795501709,
    4.4430437088012695,
    4.430462837219238,
    4.420568466186523,
    4.420376300811768,
    4.413118839263916,
    4.389408111572266,
    4.400116443634033,
    4.3730878829956055,
    4.373879909515381,
    4.359836578369141,
    4.362310886383057,
    4.343061447143555,
    4.346624374389648,
    4.341343879699707,
    4.336200714111328,
    4.325638294219971,
    4.329113483428955,
    4.320659637451172,
    4.312628269195557,
    4.309636116027832,
    4.294172286987305,
    4.302689075469971,
    4.294857978820801,
    4.30166482925415,
    4.289006233215332,
    4.2851457595825195,
    4.287563323974609,
    4.270834922790527
  ],
  "val_loss": [
    8.45826244354248,
    8.212725639343262,
    7.425986289978027,
    6.906823635101318,
    6.712453842163086,
    6.569780349731445,
    6.393437385559082,
    6.2015604972839355,
    6.015303134918213,
    5.874316215515137,
    5.759920597076416,
    5.36422061920166,
    5.137350559234619,
    4.980685710906982,
    4.882293701171875,
    4.819750785827637,
    4.7617387771606445,
    4.71111536026001,
    4.680171012878418,
    4.649040222167969,
    4.6159987449646,
    4.595048904418945,
    4.572556972503662,
    4.555914878845215,
    4.539050102233887,
    4.517734050750732,
    4.506190776824951,
    4.488851070404053,
    4.485141754150391,
    4.469972610473633,
    4.45346212387085,
    4.4339518547058105,
    4.4362664222717285,
    4.425401210784912,
    4.423651695251465,
    4.396708965301514,
    4.397121429443359,
    4.389590263366699,
    4.386611461639404,
    4.379107475280762,
    4.370370388031006,
    4.361325263977051,
    4.350110054016113,
    4.346662998199463,
    4.3436784744262695,
    4.340731143951416,
    4.332962512969971,
    4.331880569458008,
    4.3297834396362305,
    4.316060543060303,
    4.3211259841918945,
    4.308501720428467,
    4.310968399047852,
    4.294484615325928,
    4.307877540588379,
    4.296042442321777,
    4.290002822875977,
    4.287295341491699,
    4.277146816253662
  ],
  "train_perplexity": [
    4710.480884678204,
    3686.342105256444,
    1680.1936815966699,
    991.5658065588386,
    819.9397810443243,
    711.489994457861,
    602.339768616871,
    493.540696232369,
    409.5337906788595,
    359.1744257117966,
    319.72379587941964,
    214.5197919429919,
    166.41406747723485,
    146.16560464092692,
    131.12281401799223,
    122.08313925623756,
    116.62176593763493,
    109.79746984502549,
    107.57726190486329,
    104.67999117073492,
    101.02387975868791,
    98.75775811020937,
    96.22236689153578,
    95.0711001527297,
    92.78556521811595,
    90.98333737413172,
    90.25838368985276,
    88.9600005106663,
    87.06772366634537,
    86.54143047613762,
    86.22039887039678,
    85.03336499308709,
    83.97027248508778,
    83.14353621578061,
    83.12756044202962,
    82.52644927754824,
    80.59270297234437,
    81.46035365233311,
    79.28808641534042,
    79.35090955799701,
    78.24434655948568,
    78.43818688466234,
    76.94273525172363,
    77.21736557294466,
    76.81069434165934,
    76.41665838637594,
    75.61376128652195,
    75.87699053459987,
    75.23824188884103,
    74.63639591969522,
    74.41340616733206,
    73.27154153022265,
    73.89824471226501,
    73.3218004569762,
    73.8225934641287,
    72.89399286474725,
    72.61313000794321,
    72.78888929454124,
    71.58137559847822
  ],
  "val_perplexity": [
    4713.860279329416,
    3687.5797935518112,
    1679.0547915339152,
    999.0687899646014,
    822.5866627734214,
    713.2131684626917,
    597.908292734531,
    493.5185749050948,
    409.64999931604393,
    355.7812997442788,
    317.3231315331262,
    213.624674812989,
    170.26406564940402,
    145.57416923260203,
    131.93293181747342,
    123.93420077159708,
    116.94909763253817,
    111.17609217336145,
    107.78850421769776,
    104.48465538144461,
    101.0887400017363,
    98.99297662329337,
    96.79128628402346,
    95.19380620845499,
    93.60184569322918,
    91.62773876201773,
    90.57613582158973,
    89.0191104112359,
    88.68952202977236,
    87.35433038693928,
    85.92390885694891,
    84.26375792433288,
    84.45901796951969,
    83.5463201834082,
    83.40028238343416,
    81.18325163997204,
    81.21674372685958,
    80.60738441489399,
    80.3676282692614,
    79.76680777678025,
    79.07291393723362,
    78.36091453711643,
    77.48699021049046,
    77.22034805938405,
    76.99022566851534,
    76.76364409953987,
    76.16960609435884,
    76.08723944929977,
    75.92784182756557,
    74.8930086013507,
    75.27333718037495,
    74.32903978831388,
    74.51261195524998,
    73.2944298832117,
    74.28265957644734,
    73.4086989073052,
    72.96667447521455,
    72.76938576067924,
    72.03461852095478
  ]
}