{
  "steps": [
    0,
    100,
    200,
    250,
    300,
    400,
    500,
    600,
    700,
    750,
    800,
    900,
    1000,
    1250,
    1500,
    1750,
    2000,
    2250,
    2500,
    2750,
    3000,
    3250,
    3500,
    3750,
    4000,
    4250,
    4500,
    4750,
    5000,
    5250,
    5500,
    5750,
    6000,
    6250,
    6500,
    6750,
    7000,
    7250,
    7500,
    7750,
    8000,
    8250,
    8500,
    8750,
    9000,
    9250,
    9500,
    9750,
    9999
  ],
  "train_loss": [
    8.472497940063477,
    7.182262897491455,
    6.66973876953125,
    6.536034107208252,
    6.369925022125244,
    5.982514381408691,
    5.762301921844482,
    5.614410877227783,
    5.485340595245361,
    5.429432392120361,
    5.382075309753418,
    5.292029857635498,
    5.225372314453125,
    5.093087196350098,
    4.993340969085693,
    4.907439231872559,
    4.844815254211426,
    4.770029544830322,
    4.705826282501221,
    4.646318435668945,
    4.599699020385742,
    4.5526275634765625,
    4.508234024047852,
    4.478006362915039,
    4.438620090484619,
    4.4048686027526855,
    4.379203796386719,
    4.356081962585449,
    4.327445983886719,
    4.302395820617676,
    4.29124116897583,
    4.266179084777832,
    4.250085353851318,
    4.230319499969482,
    4.218478202819824,
    4.206856727600098,
    4.188652992248535,
    4.176100730895996,
    4.163763999938965,
    4.1577863693237305,
    4.1399359703063965,
    4.132890701293945,
    4.127751350402832,
    4.116631507873535,
    4.105175971984863,
    4.096259117126465,
    4.079153060913086,
    4.078097820281982,
    4.072822570800781
  ],
  "val_loss": [
    8.472456932067871,
    7.185348033905029,
    6.678869724273682,
    6.550070285797119,
    6.378058433532715,
    5.982686519622803,
    5.774299144744873,
    5.616642475128174,
    5.487197399139404,
    5.430516242980957,
    5.387170791625977,
    5.29625940322876,
    5.226837158203125,
    5.095695495605469,
    5.004551887512207,
    4.916294574737549,
    4.837330341339111,
    4.770904541015625,
    4.711434841156006,
    4.655947685241699,
    4.614014148712158,
    4.556280612945557,
    4.524726867675781,
    4.487761974334717,
    4.452612400054932,
    4.4236741065979,
    4.396937847137451,
    4.368971347808838,
    4.346211910247803,
    4.325019359588623,
    4.299646854400635,
    4.287075519561768,
    4.27258825302124,
    4.259047985076904,
    4.245243549346924,
    4.231502056121826,
    4.216337203979492,
    4.1987762451171875,
    4.1864333152771,
    4.174597263336182,
    4.169612884521484,
    4.162429332733154,
    4.150054931640625,
    4.136651992797852,
    4.130746841430664,
    4.1238813400268555,
    4.107570171356201,
    4.106790065765381,
    4.095915794372559
  ],
  "train_perplexity": [
    4781.444325847681,
    1315.8825990947525,
    788.1896784075692,
    689.5464807443058,
    584.0140391182026,
    396.43590712310333,
    318.07968140368456,
    274.35170474014626,
    241.13105810529592,
    228.01978286002927,
    217.473131541077,
    198.746443221911,
    185.93038220947113,
    162.89196609100264,
    147.42815451582987,
    135.29251766984464,
    127.0798023666225,
    117.92272591613231,
    110.58962547808314,
    104.20065712370855,
    99.45437739661396,
    94.88138793634323,
    90.76139445971478,
    88.05893999182909,
    84.65804060014815,
    81.84838748375827,
    79.77449137396432,
    77.95111992206067,
    75.75057111906892,
    73.87657687068219,
    73.05708844230782,
    71.24887893489104,
    70.11139636900596,
    68.73919083513793,
    67.93002986316313,
    67.14515225595609,
    65.93391761919054,
    65.11147043787471,
    64.31314225000015,
    63.92984877664678,
    62.798800332523655,
    62.35792077169242,
    62.03826365464085,
    61.35222929806675,
    60.65341691072253,
    60.11498333008831,
    59.09539844635994,
    59.033071471569784,
    58.72247724321102
  ],
  "val_perplexity": [
    4781.248252420096,
    1319.9485451913927,
    795.4195603196805,
    699.2933224772291,
    588.7834350033268,
    396.5041547660103,
    321.9187371983791,
    274.9646310766098,
    241.57920712662678,
    228.26705627746142,
    218.58408997114722,
    199.58883056706594,
    186.20294074688354,
    163.31739166227533,
    149.0902589802744,
    136.49589961694878,
    126.13217200757359,
    118.02595300653854,
    111.21161648526967,
    105.20887767005259,
    100.8883186107176,
    95.22862819693292,
    92.27072027030343,
    88.92221282296026,
    85.85092827629632,
    83.40215151700029,
    81.20183513828626,
    78.96236509931835,
    77.18552274598161,
    75.56697579113049,
    73.67377153685322,
    72.75339121190208,
    71.70699147915123,
    70.742603371835,
    69.7727511827246,
    68.82052687090328,
    67.78474732836806,
    66.60477323125912,
    65.78772792758328,
    65.01365100689618,
    64.69040460264432,
    64.22736286433643,
    63.437484927538435,
    62.59290874138189,
    62.22437732855483,
    61.79863890479513,
    60.798807260651444,
    60.75139626638744,
    60.09434803094695
  ]
}