{
  "steps": [
    0,
    100,
    200,
    250,
    300,
    400,
    499
  ],
  "train_loss": [
    8.154570579528809,
    0.43042606115341187,
    0.043626077473163605,
    0.027807816863059998,
    0.01981394737958908,
    0.011919915676116943,
    0.008156275376677513
  ],
  "val_loss": [
    8.179368019104004,
    8.144775390625,
    8.68174934387207,
    8.810199737548828,
    8.911291122436523,
    9.069368362426758,
    9.192432403564453
  ],
  "train_perplexity": [
    3479.2449454496336,
    1.537912628809397,
    1.0445916854904005,
    1.028198063103128,
    1.0200115465504314,
    1.0119912409864789,
    1.0081896284078562
  ],
  "val_perplexity": [
    3566.5999254066696,
    3445.3314496692583,
    5894.348820627293,
    6702.257825883191,
    7415.228888747836,
    8685.136214450407,
    9822.514263575338
  ]
}