{
  "steps": [
    0,
    100,
    200,
    250,
    300,
    400,
    500,
    600,
    700,
    750,
    800,
    900,
    1000,
    1250,
    1500,
    1750,
    2000,
    2250,
    2500,
    2750,
    3000,
    3250,
    3500,
    3750,
    4000,
    4250,
    4500,
    4750,
    5000,
    5250,
    5500,
    5750,
    6000,
    6250,
    6500,
    6750,
    7000,
    7250,
    7500,
    7750,
    7999
  ],
  "train_loss": [
    8.462021827697754,
    8.277364730834961,
    6.814732074737549,
    6.719128608703613,
    6.59358024597168,
    6.325803279876709,
    6.045748233795166,
    5.847959518432617,
    5.7030348777771,
    5.6408867835998535,
    5.5821428298950195,
    5.49771785736084,
    5.420770168304443,
    5.275494575500488,
    5.183745861053467,
    5.1132354736328125,
    5.055634021759033,
    5.020478248596191,
    4.981568813323975,
    4.948998928070068,
    4.934159755706787,
    4.907663822174072,
    4.87926721572876,
    4.8622541427612305,
    4.850935935974121,
    4.838696002960205,
    4.815492630004883,
    4.795501708984375,
    4.781111240386963,
    4.758913993835449,
    4.744344234466553,
    4.741970539093018,
    4.720463752746582,
    4.708569526672363,
    4.698590278625488,
    4.685146808624268,
    4.670799255371094,
    4.652890205383301,
    4.64362096786499,
    4.6314592361450195,
    4.617301940917969
  ],
  "val_loss": [
    8.461332321166992,
    8.278548240661621,
    6.80955696105957,
    6.730000019073486,
    6.593190670013428,
    6.332648754119873,
    6.059252738952637,
    5.842718601226807,
    5.70012092590332,
    5.6360907554626465,
    5.5829267501831055,
    5.4966583251953125,
    5.4102630615234375,
    5.284091472625732,
    5.1836042404174805,
    5.118555545806885,
    5.054358005523682,
    5.021115303039551,
    4.987799167633057,
    4.956962585449219,
    4.933996677398682,
    4.910315036773682,
    4.8922200202941895,
    4.870305061340332,
    4.854158878326416,
    4.832093715667725,
    4.8175225257873535,
    4.808244705200195,
    4.788857460021973,
    4.7720818519592285,
    4.752322196960449,
    4.747987747192383,
    4.734188556671143,
    4.71541690826416,
    4.702999591827393,
    4.696030616760254,
    4.6872334480285645,
    4.661122798919678,
    4.65852165222168,
    4.636392116546631,
    4.627039432525635
  ],
  "train_perplexity": [
    4731.614843176318,
    3933.814051634102,
    911.1723569846007,
    828.0956016943048,
    730.39117440437,
    558.8065114515298,
    422.313628624389,
    346.52657750085297,
    299.7758047505459,
    281.7124256997661,
    265.6402181496362,
    244.13414708689695,
    226.05315445116304,
    195.48713575593928,
    178.34963424885683,
    166.20724501725383,
    156.90397935140726,
    151.48373335582738,
    145.70278291447113,
    141.03370834317968,
    138.9563361975269,
    135.32290646956776,
    131.5342423381332,
    129.31536912130164,
    127.86000263846022,
    126.30454354787825,
    123.40759162055596,
    120.9650558167264,
    119.23677717440661,
    116.61920792448252,
    114.93241207109189,
    114.65992106954863,
    112.22028306675092,
    110.89341631927992,
    109.79228677152842,
    108.32617435750583,
    106.7830552650018,
    104.8876949007819,
    103.91995796464349,
    102.66376553651811,
    101.22056431643783
  ],
  "val_perplexity": [
    4728.353488332839,
    3938.472515345497,
    906.4691168549025,
    837.14728192146,
    730.106686981031,
    562.6449299408572,
    428.05544815411236,
    344.7152111551785,
    298.9035439627633,
    280.3645597646048,
    265.8485405493847,
    243.87561609049376,
    223.69042428517415,
    197.17496319564876,
    178.32437804866836,
    167.0938358290434,
    156.7038950089467,
    151.58026748674212,
    146.6133966533337,
    142.1613365381401,
    138.9336772809584,
    135.68215254365316,
    133.249061556632,
    130.36067883464727,
    128.2727528338892,
    125.4733914367119,
    123.65835059149629,
    122.51637630841707,
    120.16399803076963,
    118.16498808034008,
    115.85300589260251,
    115.35193357895757,
    113.77110245023893,
    111.65535151029081,
    110.27746421464018,
    109.51161500763152,
    108.55244801510116,
    105.75475684702351,
    105.48003066690036,
    103.17144474443718,
    102.21101312941421
  ]
}