{
  "steps": [
    0,
    100,
    200,
    300,
    400,
    500,
    600,
    700,
    800,
    900,
    1000,
    1500,
    2000,
    2500,
    3000,
    3500,
    4000,
    4500,
    5000,
    5500,
    6000,
    6500,
    7000,
    7500,
    8000,
    8500,
    9000,
    9500,
    10000,
    10500,
    11000,
    11500,
    12000,
    12500,
    13000,
    13500,
    14000,
    14500,
    15000,
    15500,
    16000,
    16500,
    17000,
    17500,
    18000,
    18500,
    19000,
    19500,
    19999
  ],
  "train_loss": [
    8.323677062988281,
    7.590211868286133,
    6.973059177398682,
    6.429720401763916,
    6.024738788604736,
    5.7899489402771,
    5.608014106750488,
    5.475817680358887,
    5.352809429168701,
    5.2471923828125,
    5.172755241394043,
    4.854051113128662,
    4.671759128570557,
    4.540806770324707,
    4.42941427230835,
    4.328817844390869,
    4.269138813018799,
    4.186661720275879,
    4.154984951019287,
    4.092260837554932,
    4.045040130615234,
    4.008307933807373,
    3.9796929359436035,
    3.9385688304901123,
    3.9138009548187256,
    3.8971521854400635,
    3.8790106773376465,
    3.86336612701416,
    3.8234894275665283,
    3.793778896331787,
    3.7756824493408203,
    3.7622063159942627,
    3.731030225753784,
    3.7316277027130127,
    3.721048593521118,
    3.7076845169067383,
    3.676825761795044,
    3.6883726119995117,
    3.661712646484375,
    3.662618398666382,
    3.6409051418304443,
    3.6565921306610107,
    3.6124515533447266,
    3.6142737865448,
    3.5968446731567383,
    3.5775704383850098,
    3.591714382171631,
    3.561572313308716,
    3.569209575653076
  ],
  "val_loss": [
    8.3217134475708,
    7.586552619934082,
    6.970966815948486,
    6.425144195556641,
    6.045381546020508,
    5.7895355224609375,
    5.612504482269287,
    5.4762678146362305,
    5.356059551239014,
    5.249801158905029,
    5.157146453857422,
    4.858148574829102,
    4.6732683181762695,
    4.545312881469727,
    4.439920425415039,
    4.35082483291626,
    4.2784104347229,
    4.198831558227539,
    4.1562347412109375,
    4.093226432800293,
    4.043817520141602,
    4.017818450927734,
    3.970614433288574,
    3.952194929122925,
    3.920283555984497,
    3.8912711143493652,
    3.8755829334259033,
    3.8356802463531494,
    3.85272216796875,
    3.817919969558716,
    3.7859201431274414,
    3.7717795372009277,
    3.7610645294189453,
    3.7484283447265625,
    3.719529151916504,
    3.7173209190368652,
    3.7051706314086914,
    3.6965672969818115,
    3.680389165878296,
    3.653045892715454,
    3.6621923446655273,
    3.646743059158325,
    3.6325182914733887,
    3.617349863052368,
    3.615424871444702,
    3.6076574325561523,
    3.6084811687469482,
    3.598482131958008,
    3.5890939235687256
  ],
  "train_perplexity": [
    4120.282726756537,
    1978.732700044266,
    1067.4833816052308,
    620.0005727096274,
    413.53360822302074,
    326.99632760783135,
    272.60234095929553,
    238.84568653284805,
    211.20081889507637,
    190.0319817152388,
    176.4001936557928,
    128.25893024012427,
    106.88560266628498,
    93.76641757556675,
    83.88227034984082,
    75.8545616496957,
    71.46006863189878,
    65.80275588966578,
    63.75100515294701,
    59.875106686798205,
    57.11347798716566,
    55.05363730881789,
    53.50060359263276,
    51.3450651999687,
    50.08897654398638,
    49.26196022975151,
    48.37633158798157,
    47.625394982780335,
    45.763618866539545,
    44.42395701502437,
    43.62727156133349,
    43.04328838767222,
    41.72206918062771,
    41.74700460408318,
    41.30768637895622,
    40.75931966226618,
    39.52074649698593,
    39.97973145233369,
    38.92795563935849,
    38.963230692936676,
    38.12633084889964,
    38.7291338958977,
    37.056788241166814,
    37.12437591253503,
    36.482937048264446,
    35.786489660158324,
    36.296248258591625,
    35.218528195429286,
    35.488531063621465
  ],
  "val_perplexity": [
    4112.200014336361,
    1971.5052572412424,
    1065.2521556084882,
    617.1698042704122,
    422.15879976836015,
    326.86116944050093,
    273.82918026064425,
    238.95322336454342,
    211.8883640354245,
    190.52837982017923,
    173.66817770733954,
    128.785544448512,
    107.04703509225835,
    94.18989287165165,
    84.76819601142442,
    77.54239607524136,
    72.12570032955074,
    66.60845745032266,
    63.83073034339814,
    59.932949727118555,
    57.04369311934084,
    55.57972357985885,
    53.01709630283132,
    52.04948648045752,
    50.414738152193735,
    48.97309738361438,
    48.21079378458845,
    46.32492931652238,
    47.12116051512062,
    45.509448764836236,
    44.076208325790546,
    43.457330002735105,
    42.994170185421815,
    42.45430600547242,
    41.24496942112543,
    41.15399141081647,
    40.656984083514125,
    40.30869880826528,
    39.6618260989574,
    38.59203440905678,
    38.94663378845357,
    38.34956017960513,
    37.807908165569785,
    37.23874915337169,
    37.167133825338965,
    36.87955869168334,
    36.90995023446661,
    36.542725291663935,
    36.201259953405454
  ]
}