{
  "steps": [
    0,
    1000,
    2000,
    2999
  ],
  "train_loss": [
    8.456459045410156,
    4.96375036239624,
    4.6509690284729,
    4.4902191162109375
  ],
  "val_loss": [
    8.460029602050781,
    4.981236457824707,
    4.646399021148682,
    4.496734619140625
  ],
  "train_perplexity": [
    4705.366973213689,
    143.12957836828346,
    104.68638052533792,
    89.14097597179472
  ],
  "val_perplexity": [
    4722.197782303903,
    145.65436583959715,
    104.20905452200135,
    89.72367047439685
  ]
}