{
  "steps": [
    0,
    100,
    200,
    300,
    400,
    500,
    600,
    700,
    800,
    900,
    1000,
    1500,
    2000,
    2500,
    3000,
    3500,
    4000,
    4500,
    5000,
    5500,
    6000,
    6500,
    7000,
    7500,
    8000,
    8500,
    9000,
    9500,
    10000,
    10500,
    11000,
    11500,
    12000,
    12500,
    13000,
    13500,
    14000,
    14500,
    15000,
    15500,
    16000,
    16500,
    17000,
    17500,
    18000,
    18500,
    19000,
    19500,
    20000,
    20500,
    21000,
    21500,
    22000,
    22500,
    23000,
    23500,
    24000,
    24500,
    24999
  ],
  "train_loss": [
    8.295570373535156,
    7.990478038787842,
    7.418677806854248,
    6.88137149810791,
    6.3860297203063965,
    5.971857070922852,
    5.713113784790039,
    5.522408485412598,
    5.366459369659424,
    5.241656303405762,
    5.141635894775391,
    4.807146072387695,
    4.621890544891357,
    4.506492614746094,
    4.418065071105957,
    4.3566508293151855,
    4.2985758781433105,
    4.265528202056885,
    4.221131801605225,
    4.199093341827393,
    4.1595869064331055,
    4.130505561828613,
    4.116922378540039,
    4.109658718109131,
    4.092857360839844,
    4.078204154968262,
    4.0740203857421875,
    4.058478832244873,
    4.042386531829834,
    4.037745475769043,
    4.036931991577148,
    4.032820224761963,
    4.026740550994873,
    4.017757415771484,
    3.9974498748779297,
    3.9949474334716797,
    3.9799070358276367,
    3.9894256591796875,
    3.987150192260742,
    3.983900785446167,
    3.966350793838501,
    3.968884229660034,
    3.95302677154541,
    3.969895601272583,
    3.9459962844848633,
    3.9549877643585205,
    3.9510836601257324,
    3.946000337600708,
    3.9472506046295166,
    3.9408233165740967,
    3.937929630279541,
    3.9326934814453125,
    3.9251396656036377,
    3.9286386966705322,
    3.9206149578094482,
    3.9269208908081055,
    3.9177780151367188,
    3.9204132556915283,
    3.9149293899536133
  ],
  "val_loss": [
    8.295376777648926,
    7.9908013343811035,
    7.416874408721924,
    6.884966850280762,
    6.379444599151611,
    5.972311019897461,
    5.708370208740234,
    5.525320529937744,
    5.3575568199157715,
    5.249393463134766,
    5.1396074295043945,
    4.810665130615234,
    4.624502182006836,
    4.5030317306518555,
    4.429430961608887,
    4.370762348175049,
    4.318251132965088,
    4.272657871246338,
    4.233360767364502,
    4.209306716918945,
    4.178708076477051,
    4.166326522827148,
    4.146195888519287,
    4.120394706726074,
    4.108944416046143,
    4.108331203460693,
    4.0836405754089355,
    4.078981399536133,
    4.070948123931885,
    4.058332920074463,
    4.0507330894470215,
    4.045833587646484,
    4.0372233390808105,
    4.041015625,
    4.02518892288208,
    4.003974914550781,
    4.018960475921631,
    4.0158491134643555,
    4.005590915679932,
    3.9873671531677246,
    3.983565092086792,
    3.9752938747406006,
    3.9856226444244385,
    3.9796903133392334,
    3.9865808486938477,
    3.9786899089813232,
    3.9728939533233643,
    3.9638988971710205,
    3.9665942192077637,
    3.967406988143921,
    3.9627692699432373,
    3.9553067684173584,
    3.9569547176361084,
    3.9531772136688232,
    3.941493511199951,
    3.948127508163452,
    3.941760778427124,
    3.941114902496338,
    3.9407763481140137
  ],
  "train_perplexity": [
    4006.0875613383514,
    2952.7081311755196,
    1666.8281813357914,
    973.9612301809071,
    593.4955524800001,
    392.23340006049654,
    302.8124947628438,
    250.23700415857925,
    214.1034628950612,
    188.98285627499612,
    170.99526991005848,
    122.3818497085355,
    101.68609264580073,
    90.60347926056703,
    82.93565540869754,
    77.9954763359779,
    73.5949109132152,
    71.20251935966537,
    68.11052828718334,
    66.62589673465442,
    64.04506053216075,
    62.209365666631875,
    61.37007745752136,
    60.92592110753759,
    59.910834237221906,
    59.03934906846205,
    58.79285804702355,
    57.88618946718988,
    56.96212263834896,
    56.698370750911906,
    56.65226627777239,
    56.41980361293511,
    56.07783020967638,
    55.57633136626902,
    54.45909529797058,
    54.32298497802955,
    53.51205929194583,
    54.02385234759347,
    53.901062613712455,
    53.726200386657695,
    52.79153172422849,
    52.92544524079747,
    52.092801464503474,
    52.978999610815364,
    51.72784810104341,
    52.195055300540915,
    51.991677626354765,
    51.72805776042905,
    51.792772092178915,
    51.46095251903226,
    51.31225591045056,
    51.04427949594315,
    50.660153045616475,
    50.83772497866092,
    50.43144845718166,
    50.750470601157005,
    50.28858007952445,
    50.421277353019185,
    50.145530607784316
  ],
  "val_perplexity": [
    4005.312074334566,
    2953.662883027734,
    1663.8249353447115,
    977.4692663399229,
    589.6001522798349,
    392.4114944300814,
    301.379482154328,
    250.96676749248934,
    212.20585547154238,
    190.45071803787712,
    170.64876350046367,
    122.81327722770936,
    101.95200690411347,
    90.29045310637542,
    83.88367029794246,
    79.10391344285883,
    75.05724829516156,
    71.71198376640017,
    68.94856331245002,
    67.30985884409955,
    65.28146005713552,
    64.47815748638882,
    63.19314869295207,
    61.5835449072951,
    60.88241713573916,
    60.8450947157773,
    59.36118581984101,
    59.08525491954184,
    58.61250817739268,
    57.87774378382693,
    57.439549942536274,
    57.158813061191864,
    56.668774178780325,
    56.88408637782515,
    55.990885742002355,
    54.815604910119504,
    55.64323327126582,
    55.47037605443808,
    54.90425860248985,
    53.91275830585255,
    53.70816788482834,
    53.26576806965647,
    53.818789016568175,
    53.50046328189996,
    53.870383124878096,
    53.44696794822655,
    53.138087684788225,
    52.66225089990134,
    52.80438408656447,
    52.84731929548142,
    52.602795774794885,
    52.211708391093566,
    52.297821570731436,
    52.10063900570372,
    51.49545293255638,
    51.83820927616085,
    51.50921781884323,
    51.475959996210136,
    51.45853553409951
  ]
}