{
  "steps": [
    0,
    100,
    200,
    300,
    400,
    500,
    600,
    700,
    800,
    900,
    1000,
    1500,
    2000,
    2500,
    3000,
    3500,
    4000,
    4500,
    5000,
    5500,
    6000,
    6500,
    7000,
    7500,
    8000,
    8500,
    9000,
    9500,
    10000,
    10500,
    11000,
    11500,
    12000,
    12500,
    13000,
    13500,
    14000,
    14500,
    15000,
    15500,
    16000,
    16500,
    17000,
    17500,
    18000,
    18500,
    19000,
    19500,
    20000,
    20500,
    21000,
    21500,
    22000,
    22500,
    23000,
    23500,
    24000,
    24500,
    24999
  ],
  "train_loss": [
    8.312751770019531,
    8.016458511352539,
    7.465209484100342,
    6.977208137512207,
    6.53829288482666,
    6.16060733795166,
    5.9056172370910645,
    5.705570697784424,
    5.544747352600098,
    5.421173095703125,
    5.302357196807861,
    4.936706066131592,
    4.755858421325684,
    4.641425609588623,
    4.560975551605225,
    4.4895830154418945,
    4.434792995452881,
    4.389598369598389,
    4.369810581207275,
    4.330113410949707,
    4.302884578704834,
    4.282717704772949,
    4.261539459228516,
    4.241204738616943,
    4.238251209259033,
    4.218160629272461,
    4.198015213012695,
    4.192261219024658,
    4.179122447967529,
    4.175592422485352,
    4.160285472869873,
    4.1708903312683105,
    4.147258758544922,
    4.151034355163574,
    4.1302337646484375,
    4.136270046234131,
    4.13278341293335,
    4.1183695793151855,
    4.111559867858887,
    4.109286308288574,
    4.101995944976807,
    4.105762481689453,
    4.093542575836182,
    4.099660873413086,
    4.0924296379089355,
    4.0875773429870605,
    4.074665069580078,
    4.070058822631836,
    4.071046829223633,
    4.071325302124023,
    4.067631721496582,
    4.065313339233398,
    4.057478427886963,
    4.059906482696533,
    4.065262317657471,
    4.048919200897217,
    4.051774978637695,
    4.054105758666992,
    4.045419692993164
  ],
  "val_loss": [
    8.31265926361084,
    8.017800331115723,
    7.466252326965332,
    6.977258205413818,
    6.539706230163574,
    6.1506266593933105,
    5.900555610656738,
    5.705511093139648,
    5.551226615905762,
    5.42280387878418,
    5.309986114501953,
    4.953564167022705,
    4.753953456878662,
    4.640873432159424,
    4.5644917488098145,
    4.503752708435059,
    4.441345691680908,
    4.4035115242004395,
    4.361589431762695,
    4.33925724029541,
    4.309399604797363,
    4.282535552978516,
    4.258683204650879,
    4.254899501800537,
    4.232924938201904,
    4.230335712432861,
    4.217790126800537,
    4.199230194091797,
    4.186646461486816,
    4.1905622482299805,
    4.164592742919922,
    4.165501117706299,
    4.160589218139648,
    4.152539253234863,
    4.146030426025391,
    4.127828121185303,
    4.132641792297363,
    4.126420497894287,
    4.118549346923828,
    4.113828659057617,
    4.106347560882568,
    4.100551605224609,
    4.095687389373779,
    4.107079029083252,
    4.100376129150391,
    4.090281963348389,
    4.082343101501465,
    4.0842485427856445,
    4.084758758544922,
    4.078863620758057,
    4.066919326782227,
    4.0800628662109375,
    4.073866367340088,
    4.071430206298828,
    4.056921482086182,
    4.0567426681518555,
    4.057636260986328,
    4.049808979034424,
    4.046895980834961
  ],
  "train_perplexity": [
    4075.5124404216826,
    3030.42608688879,
    1746.2213155109066,
    1071.9215280571946,
    691.1057732864414,
    473.7156930039373,
    367.0937397459356,
    300.53694688580197,
    255.88992015277807,
    226.14425581303468,
    200.80960027473756,
    139.31061302294765,
    116.26341333354709,
    103.69206666789698,
    95.67677194548509,
    89.08429135890007,
    84.3346654220364,
    80.60803783967634,
    79.02866076820798,
    75.95289997126979,
    73.91269347050044,
    72.43703521880249,
    70.9190764873693,
    69.49152054752696,
    69.28657810221029,
    67.90846050771663,
    66.5541041433645,
    66.17225186963213,
    65.30851643834937,
    65.07838214006418,
    64.08981589236548,
    64.77309595520937,
    63.260350503591944,
    63.49964752930118,
    62.192459634073224,
    62.569006160019825,
    62.351230851484374,
    61.45895657864288,
    61.04186058143504,
    60.903235920546074,
    60.460843763005016,
    60.68900116259166,
    59.951900107152554,
    60.319828070956426,
    59.885214479078414,
    59.595337609753386,
    58.83077307267882,
    58.56040716785286,
    58.61829382764486,
    58.63461970699498,
    58.41844748208032,
    58.28316806488857,
    57.828308827833304,
    57.968889731215704,
    58.28019444166396,
    57.335455437046285,
    57.49942677583474,
    57.633601596713895,
    57.135160229303686
  ],
  "val_perplexity": [
    4075.135446839672,
    3034.495101834865,
    1748.043299807022,
    1071.9751982623625,
    692.083234991191,
    469.011204988006,
    365.24034292713765,
    300.5190340216912,
    257.55328118064375,
    226.51334891288474,
    202.34741867395368,
    141.67903283159978,
    116.04214648431062,
    103.63482605403784,
    96.01378249409535,
    90.35557398963462,
    84.88909940091256,
    81.73738812702659,
    78.38161770082483,
    76.65058522326612,
    74.39580864216425,
    72.42384188448519,
    70.71680256094038,
    70.44973676095628,
    68.91852006517645,
    68.74030527578593,
    67.88330491562627,
    66.63501526342195,
    65.80175182695433,
    66.05992259538563,
    64.36646340693859,
    64.42495884325318,
    64.10928582758423,
    63.59527996688262,
    63.18269346197032,
    62.043026563508526,
    62.3424012557579,
    61.95575479157209,
    61.470005901422105,
    61.18050904020441,
    60.724519423907466,
    60.373580796762305,
    60.08062374886528,
    60.76895372802689,
    60.36298760727039,
    59.756738539025854,
    59.28421617397464,
    59.39728645715514,
    59.42759962123331,
    59.078296340209626,
    58.376845309216705,
    59.149188218344484,
    58.783803562268815,
    58.64077104603526,
    57.796110561242344,
    57.78577673526771,
    57.837436769373355,
    57.386493974901256,
    57.2195704632599
  ]
}