{
  "steps": [
    0,
    100,
    200,
    250,
    300,
    400,
    500,
    600,
    700,
    750,
    800,
    900,
    1000,
    1250,
    1500,
    1750,
    2000,
    2250,
    2500,
    2750,
    3000,
    3250,
    3500,
    3750,
    4000,
    4250,
    4500,
    4750,
    5000,
    5250,
    5500,
    5750,
    6000,
    6250,
    6500,
    6750,
    7000,
    7250,
    7500,
    7750,
    7999
  ],
  "train_loss": [
    8.477407455444336,
    8.297959327697754,
    6.809070110321045,
    6.716836452484131,
    6.5967326164245605,
    6.353867530822754,
    6.072195053100586,
    5.862988471984863,
    5.7125468254089355,
    5.6538987159729,
    5.59890604019165,
    5.520784854888916,
    5.437916278839111,
    5.299706935882568,
    5.210628986358643,
    5.138430118560791,
    5.082862854003906,
    5.03691291809082,
    5.010663986206055,
    4.974945545196533,
    4.950952053070068,
    4.921546459197998,
    4.894482135772705,
    4.8849310874938965,
    4.847714900970459,
    4.841432571411133,
    4.822066783905029,
    4.806707859039307,
    4.7885332107543945,
    4.766920566558838,
    4.756760597229004,
    4.733563423156738,
    4.721418380737305,
    4.712886333465576,
    4.692763805389404,
    4.679650783538818,
    4.671097278594971,
    4.655368328094482,
    4.649637222290039,
    4.631384372711182,
    4.626650333404541
  ],
  "val_loss": [
    8.475504875183105,
    8.298181533813477,
    6.811416149139404,
    6.7164692878723145,
    6.598573207855225,
    6.355588436126709,
    6.0777506828308105,
    5.86091423034668,
    5.7173004150390625,
    5.65235710144043,
    5.60493278503418,
    5.514119625091553,
    5.440544605255127,
    5.293612480163574,
    5.199612617492676,
    5.140423774719238,
    5.085238456726074,
    5.037972450256348,
    5.0081562995910645,
    4.973541259765625,
    4.949880123138428,
    4.929826736450195,
    4.895707130432129,
    4.884872913360596,
    4.855510234832764,
    4.843687534332275,
    4.816743850708008,
    4.809149265289307,
    4.793669700622559,
    4.774129867553711,
    4.749680995941162,
    4.738648414611816,
    4.73500919342041,
    4.704793930053711,
    4.695788383483887,
    4.688334941864014,
    4.6675705909729,
    4.6541218757629395,
    4.650492191314697,
    4.639622211456299,
    4.6293158531188965
  ],
  "train_perplexity": [
    4804.976619118812,
    4015.669361577499,
    906.0279091057852,
    826.1996509483096,
    732.6972708870899,
    574.711129350877,
    433.6314817928469,
    351.77384101252585,
    302.6408610374956,
    285.4020009264831,
    270.13073356246093,
    249.83104137643747,
    229.96250613705752,
    200.27810704666842,
    183.20925808445244,
    170.44797506208718,
    161.2349880542234,
    153.99388873554892,
    150.00430387821322,
    144.74094309396523,
    141.3094339804543,
    137.2146460456066,
    133.5508275073087,
    132.28134918090706,
    127.44882366083397,
    126.65065794382976,
    124.221564781106,
    122.32823209722723,
    120.12504125861264,
    117.55667603894744,
    116.36835071236409,
    113.70000254690822,
    112.32746284035967,
    111.37315650001604,
    109.1544449397489,
    107.73244405866625,
    106.8148838379787,
    105.14794180834174,
    104.54705135681105,
    102.6560800621834,
    102.17125065031397
  ],
  "val_perplexity": [
    4795.8434564901,
    4016.5617670136626,
    908.1559810446953,
    825.8963553572975,
    734.0471090743765,
    575.7010042778309,
    436.0472821776355,
    351.04493329098955,
    304.0829162500656,
    284.96236001973404,
    271.7636582354019,
    248.17139717431988,
    230.56771766494865,
    199.06123285120415,
    181.2020337791574,
    170.78812867927508,
    161.61847365512276,
    154.157136681912,
    149.62861134962782,
    144.53782814538286,
    141.15804132420357,
    138.35553829140673,
    133.7145268026773,
    132.2736540518975,
    128.44621222936263,
    126.93657272389224,
    123.56209839499448,
    122.62724987102804,
    120.74364969384142,
    118.40723980162754,
    115.54741855179614,
    114.27963856141518,
    113.86450551766728,
    110.47551691781167,
    109.48509086297288,
    108.67208374432579,
    106.43884458553268,
    105.01696155839481,
    104.63647406871775,
    103.5052371032099,
    102.44395341900314
  ]
}