{
  "steps": [
    0,
    100,
    200,
    250,
    300,
    400,
    500,
    600,
    700,
    750,
    800,
    900,
    1000,
    1250
  ],
  "train_loss": [
    8.178345680236816,
    7.9313578605651855,
    7.03624153137207,
    6.885195255279541,
    6.82816219329834,
    6.811236381530762,
    6.8118133544921875,
    6.807828426361084,
    6.805815696716309,
    6.807510852813721,
    6.806586265563965,
    6.811245918273926,
    6.809966564178467,
    6.8066935539245605
  ],
  "val_loss": [
    8.17663288116455,
    7.931745529174805,
    7.034640789031982,
    6.888461112976074,
    6.828245162963867,
    6.805121898651123,
    6.8064985275268555,
    6.809897422790527,
    6.801929950714111,
    6.805180072784424,
    6.805551052093506,
    6.807869911193848,
    6.808974266052246,
    6.807278633117676
  ],
  "train_perplexity": [
    3562.95551490789,
    2783.2034420619766,
    1137.1057886967726,
    977.69255070517,
    923.4920520783295,
    907.992738688992,
    908.5167771118493,
    904.903606942205,
    903.0841123164773,
    904.6162791199993,
    903.7802689841155,
    908.0013980238266,
    906.8404854840318,
    903.8772392893131
  ],
  "val_perplexity": [
    3556.858111311696,
    2784.2826118372554,
    1135.287031384926,
    980.8907750769318,
    923.5686770837392,
    902.4577716087623,
    903.7009765558686,
    906.7777874417654,
    899.581765858602,
    902.5102728345581,
    902.8451475839746,
    904.9411474956827,
    905.9410756846349,
    904.4062337918997
  ]
}