{
  "steps": [
    0,
    100,
    200,
    300,
    400,
    500,
    600,
    700,
    800,
    900,
    1000,
    1500,
    2000,
    2500,
    3000,
    3500,
    4000,
    4500,
    5000,
    5500,
    6000,
    6500,
    7000,
    7500,
    8000,
    8500,
    9000,
    9500,
    10000,
    10500,
    11000,
    11500,
    12000,
    12500,
    13000,
    13500,
    14000,
    14500,
    15000,
    15500,
    16000,
    16500,
    17000,
    17500,
    18000,
    18500,
    19000,
    19500,
    20000,
    20500,
    21000,
    21500,
    22000,
    22500,
    23000,
    23500,
    24000,
    24500,
    24999
  ],
  "train_loss": [
    8.45288372039795,
    8.28182601928711,
    7.462085723876953,
    6.952793598175049,
    6.791863918304443,
    6.6470818519592285,
    6.479697227478027,
    6.297379016876221,
    6.136081695556641,
    5.972689151763916,
    5.851991653442383,
    5.45591926574707,
    5.186622142791748,
    4.995988845825195,
    4.85891056060791,
    4.761772632598877,
    4.679190158843994,
    4.6266961097717285,
    4.564061641693115,
    4.517599105834961,
    4.473111629486084,
    4.441405296325684,
    4.412429332733154,
    4.368958950042725,
    4.3505473136901855,
    4.339369297027588,
    4.303673267364502,
    4.282872200012207,
    4.262365341186523,
    4.238648891448975,
    4.225077152252197,
    4.2067131996154785,
    4.18171501159668,
    4.161891937255859,
    4.158161640167236,
    4.150014877319336,
    4.120844841003418,
    4.12002420425415,
    4.0984015464782715,
    4.108504295349121,
    4.086874008178711,
    4.066247463226318,
    4.065246105194092,
    4.052464485168457,
    4.034730911254883,
    4.026093006134033,
    4.0160441398620605,
    4.003283500671387,
    4.026362895965576,
    4.00983190536499,
    3.9771692752838135,
    3.9773948192596436,
    3.977370500564575,
    3.96502685546875,
    3.9610700607299805,
    3.95790958404541,
    3.942385196685791,
    3.9306211471557617,
    3.9295847415924072
  ],
  "val_loss": [
    8.454005241394043,
    8.286076545715332,
    7.470117092132568,
    6.96340274810791,
    6.800947189331055,
    6.6563029289245605,
    6.490563869476318,
    6.326758861541748,
    6.1427435874938965,
    5.9904937744140625,
    5.880333423614502,
    5.506948947906494,
    5.251873016357422,
    5.074328422546387,
    4.957117080688477,
    4.872008323669434,
    4.802746772766113,
    4.755871772766113,
    4.6992902755737305,
    4.677623271942139,
    4.6318206787109375,
    4.618905544281006,
    4.570123195648193,
    4.546713352203369,
    4.536995887756348,
    4.522918701171875,
    4.504871845245361,
    4.490967273712158,
    4.468386650085449,
    4.440855503082275,
    4.450394153594971,
    4.431703567504883,
    4.407962322235107,
    4.401788711547852,
    4.382363796234131,
    4.384182453155518,
    4.3710036277771,
    4.351969242095947,
    4.3646955490112305,
    4.352931022644043,
    4.333535194396973,
    4.3312296867370605,
    4.323004722595215,
    4.312101364135742,
    4.312216281890869,
    4.296020030975342,
    4.291467189788818,
    4.2862868309021,
    4.2842864990234375,
    4.289250373840332,
    4.277250289916992,
    4.2623610496521,
    4.277375221252441,
    4.250321388244629,
    4.261630058288574,
    4.243126392364502,
    4.249671459197998,
    4.242307662963867,
    4.232534408569336
  ],
  "train_perplexity": [
    4688.573795405927,
    3951.4031366534045,
    1740.7750496672502,
    1046.0679436200546,
    890.5719691773704,
    770.5325136278615,
    651.7735772639805,
    543.14646518938,
    462.2388253751003,
    392.55990577865043,
    347.92664016979586,
    234.14000906017483,
    178.86335649566598,
    147.81904338130235,
    128.8837145992773,
    116.95305706251314,
    107.68283126181598,
    102.17592778605005,
    95.97249516256747,
    91.61537489876716,
    87.62896811185335,
    84.89415933632398,
    82.46956636463436,
    78.9613861484525,
    77.5208795552567,
    76.65917491862336,
    73.97101056763981,
    72.44822726042607,
    70.97767146605611,
    69.31413761992498,
    68.37977899900359,
    67.13551573914731,
    65.4780525944174,
    64.19285664258875,
    63.953844287048504,
    63.43494403302262,
    61.611272011770104,
    61.56073227800585,
    60.24391349742966,
    60.855627419659726,
    59.55343687124833,
    58.3376372070669,
    58.27924958380511,
    57.53908667742106,
    56.52770722178835,
    56.04152905349908,
    55.48119529704398,
    54.77771773944441,
    56.05665613356546,
    55.137601449450514,
    53.36575644985424,
    53.377794132199455,
    53.376496069684194,
    52.72168523620592,
    52.51348851691714,
    52.34778285320809,
    51.54139115870404,
    50.93860821618424,
    50.88584250729971
  ],
  "val_perplexity": [
    4693.835079127816,
    3968.2344256928877,
    1754.812148242576,
    1057.224913610933,
    898.6981259129416,
    777.6705126820782,
    658.8947891472118,
    559.3407519227239,
    465.3284905599348,
    399.61187934138127,
    357.9285636507965,
    246.3982052898288,
    190.92353667678708,
    159.86479432900484,
    142.1833014845379,
    130.58290647035722,
    121.84463782786156,
    116.26496562794702,
    109.86916794236222,
    107.51423656286345,
    102.70087929820302,
    101.38301216993447,
    96.55600431969053,
    94.32189547133721,
    93.40976478192141,
    92.10403019174328,
    90.45675084331305,
    89.20769241572616,
    87.21589968103322,
    84.84749792935456,
    85.66070082225436,
    84.07452160440012,
    82.10199552852045,
    81.59669115263571,
    80.02697747244773,
    80.17265151432636,
    79.12300190635081,
    77.63118710206733,
    78.62545869885098,
    77.70588718453253,
    76.21323950590082,
    76.03773169347687,
    75.41488901748222,
    74.5970799838312,
    74.60565300538872,
    73.4070537379579,
    73.07360273104828,
    72.69603405874214,
    72.55076320775896,
    72.91179142231107,
    72.04207259246311,
    70.9773668635893,
    72.05107346703456,
    70.12794702309702,
    70.92550198010667,
    69.62518757815255,
    70.08238364143259,
    69.5682067191928,
    68.89161059567286
  ]
}