{
  "steps": [
    0,
    100,
    200,
    250,
    300,
    400,
    500,
    600,
    700,
    750,
    800,
    900,
    1000,
    1250,
    1500,
    1750,
    2000,
    2250,
    2500,
    2750,
    3000,
    3250,
    3500,
    3750,
    4000,
    4250,
    4500,
    4750,
    5000,
    5250,
    5500,
    5750,
    6000,
    6250,
    6500,
    6750,
    7000,
    7250,
    7500,
    7750,
    8000,
    8250,
    8500,
    8750,
    9000,
    9250,
    9500,
    9750,
    10000,
    10250,
    10500,
    10750,
    11000,
    11250,
    11500,
    11750,
    12000,
    12250,
    12500,
    12750,
    13000,
    13250,
    13500,
    13750,
    14000,
    14250,
    14500,
    14750,
    15000,
    15250,
    15500,
    15750,
    15999
  ],
  "train_loss": [
    8.17016887664795,
    6.810476779937744,
    6.809679985046387,
    6.811714172363281,
    6.806699752807617,
    6.81161642074585,
    6.811276435852051,
    6.811892986297607,
    6.8113627433776855,
    6.810053825378418,
    6.808757305145264,
    6.808436870574951,
    6.811047554016113,
    6.807279109954834,
    6.807929992675781,
    6.809042453765869,
    6.807466506958008,
    6.806100368499756,
    6.80698299407959,
    6.806563377380371,
    6.804833889007568,
    6.808884143829346,
    6.806467533111572,
    6.804230690002441,
    6.806803226470947,
    6.807617664337158,
    6.807070732116699,
    6.808849811553955,
    6.80584716796875,
    6.806610107421875,
    6.8082051277160645,
    6.805488586425781,
    6.804544448852539,
    6.805572509765625,
    6.8053131103515625,
    6.806485652923584,
    6.808803081512451,
    6.8068695068359375,
    6.8064494132995605,
    6.803936958312988,
    6.80042028427124,
    6.807624816894531,
    6.805601119995117,
    6.804904460906982,
    6.805319786071777,
    6.803815841674805,
    6.80600643157959,
    6.8107099533081055,
    6.8064093589782715,
    6.805420875549316,
    6.805174827575684,
    6.802216053009033,
    6.805137634277344,
    6.806116580963135,
    6.8053741455078125,
    6.809453010559082,
    6.806054592132568,
    6.807841777801514,
    6.807454586029053,
    6.803028583526611,
    6.8026204109191895,
    6.801271915435791,
    6.8015642166137695,
    6.80224084854126,
    6.805174350738525,
    6.804683208465576,
    6.806146621704102,
    6.803919315338135,
    6.80798864364624,
    6.81012487411499,
    6.804998874664307,
    6.806422710418701,
    6.8053975105285645
  ],
  "val_loss": [
    8.170055389404297,
    6.808347225189209,
    6.812317371368408,
    6.808607578277588,
    6.807493209838867,
    6.808274745941162,
    6.814818382263184,
    6.808547019958496,
    6.807562351226807,
    6.803703784942627,
    6.810267448425293,
    6.806532859802246,
    6.805526256561279,
    6.809414386749268,
    6.807462215423584,
    6.804496765136719,
    6.807314872741699,
    6.808130264282227,
    6.804624557495117,
    6.809729099273682,
    6.803488254547119,
    6.80144739151001,
    6.8070902824401855,
    6.806634426116943,
    6.808496475219727,
    6.807029724121094,
    6.806951522827148,
    6.809637546539307,
    6.8075032234191895,
    6.80740213394165,
    6.808589458465576,
    6.8103251457214355,
    6.808576583862305,
    6.808030128479004,
    6.8015642166137695,
    6.809359550476074,
    6.804188251495361,
    6.805875778198242,
    6.8073811531066895,
    6.80157470703125,
    6.803771018981934,
    6.80447244644165,
    6.804672718048096,
    6.805239677429199,
    6.805858135223389,
    6.803427219390869,
    6.8040971755981445,
    6.804886817932129,
    6.802391052246094,
    6.807513236999512,
    6.807481288909912,
    6.801205635070801,
    6.800766944885254,
    6.802862644195557,
    6.8033013343811035,
    6.808554172515869,
    6.807002544403076,
    6.807551383972168,
    6.806819438934326,
    6.804597854614258,
    6.805293560028076,
    6.810338497161865,
    6.804681301116943,
    6.806603908538818,
    6.807007312774658,
    6.803925514221191,
    6.806031227111816,
    6.7967529296875,
    6.806877613067627,
    6.808104515075684,
    6.8052825927734375,
    6.80805778503418,
    6.807487964630127
  ],
  "train_perplexity": [
    3533.940713294504,
    907.3032878453657,
    906.5806411595255,
    908.4266729521833,
    903.8828423359834,
    908.3378771156232,
    908.0291084502537,
    908.5891268236958,
    908.1074815778552,
    906.919620925636,
    905.7445432078849,
    905.4543578395641,
    907.8213008634251,
    904.406665046501,
    904.9955193342408,
    906.0028518414266,
    904.5761640264855,
    903.341231476882,
    904.1388955226641,
    903.75958333212,
    902.1978924932803,
    905.8594339400005,
    903.6729673065768,
    901.6538517210226,
    903.9763752439138,
    904.7129077233307,
    904.2182263747472,
    905.8283342583137,
    903.1125339517818,
    903.8018170417425,
    905.24454956981,
    902.7887525203749,
    901.9367979828505,
    902.8645207469766,
    902.6303485926899,
    903.6893418392157,
    905.7860058516702,
    904.0362931136748,
    903.6565930706386,
    901.3890463046298,
    898.2247220535493,
    904.7193787574515,
    902.8903522776368,
    902.2615645589037,
    902.6363743204676,
    901.2798797047251,
    903.2563783692202,
    907.5148714778082,
    903.6203984440052,
    902.7276259721685,
    902.5055389922019,
    899.8391750872137,
    902.4719724586657,
    903.3558769822355,
    902.6854424583665,
    906.3748938338781,
    903.2998807434246,
    904.9156887894626,
    904.5653807025734,
    900.5706189978921,
    900.203105749691,
    898.9900040423623,
    899.2528182881204,
    899.8614873550994,
    902.505108644128,
    902.0619590673736,
    903.3830148697558,
    901.3731432606415,
    905.0485997563047,
    906.9840587079598,
    902.3467544847902,
    903.6324631584665,
    902.7065339688629
  ],
  "val_perplexity": [
    3533.539678860298,
    905.3731916725242,
    908.9748003158594,
    905.608939066561,
    904.6003191385258,
    905.3075732824044,
    911.2510014099129,
    905.5540985719974,
    904.6628666224066,
    901.1788908849721,
    907.113380553353,
    903.732003199271,
    902.8227613355627,
    906.3398868584138,
    904.5722820150685,
    901.8937913102546,
    904.439009727667,
    905.1767823910396,
    902.0090538095476,
    906.6251682606447,
    900.9846803720825,
    899.147769120627,
    904.2359043063792,
    903.8237965897893,
    905.5083287333654,
    904.1811469579752,
    904.1104415869838,
    906.5421680469435,
    904.6093774718341,
    904.5179356044717,
    905.5925297514963,
    907.1657200526149,
    905.5808706820031,
    905.0861463249098,
    899.2528182881204,
    906.2901879194368,
    901.6155876895925,
    903.1383725782581,
    904.4989582620266,
    899.2622518750858,
    901.2394828188416,
    901.8718586968471,
    902.0524961104649,
    902.5640682419887,
    903.1224386712227,
    900.9296903095178,
    901.5334759802547,
    902.2456461212337,
    899.9966600358022,
    904.6184358958493,
    904.5895355266641,
    898.9304206313988,
    898.5361551648965,
    900.4211913101162,
    900.816283904888,
    905.5605756228056,
    904.1565719033371,
    904.6529450087927,
    903.9910310465959,
    901.9849678908328,
    902.6127020498848,
    907.1778321025425,
    902.06023852237,
    903.796214497337,
    904.1608832681194,
    901.3787307846652,
    903.2787753695305,
    894.9366464566973,
    904.0436214710251,
    905.1534751071853,
    902.6028029208245,
    905.1111782360011,
    904.5955743334692
  ]
}