{
  "steps": [
    0,
    100,
    200,
    300,
    400,
    500,
    600,
    700,
    800,
    900,
    1000,
    1500,
    2000,
    2500,
    3000,
    3500,
    4000,
    4500,
    5000,
    5500,
    6000,
    6500,
    7000,
    7500,
    8000,
    8500,
    9000,
    9500,
    10000,
    10500,
    11000,
    11500,
    12000,
    12500,
    13000,
    13500,
    14000,
    14500,
    15000,
    15500,
    16000,
    16500,
    17000,
    17500,
    18000,
    18500,
    19000,
    19500,
    19999
  ],
  "train_loss": [
    8.371460914611816,
    7.51077938079834,
    6.858338832855225,
    6.278256893157959,
    5.877979278564453,
    5.634464263916016,
    5.447646617889404,
    5.288499355316162,
    5.169644832611084,
    5.086126804351807,
    4.986965179443359,
    4.708986282348633,
    4.524185657501221,
    4.3942389488220215,
    4.2829437255859375,
    4.201847553253174,
    4.137507438659668,
    4.068028450012207,
    4.000062942504883,
    3.960983991622925,
    3.910067081451416,
    3.8622045516967773,
    3.8367273807525635,
    3.7912938594818115,
    3.793550968170166,
    3.7479748725891113,
    3.738832712173462,
    3.6909801959991455,
    3.7064287662506104,
    3.673851251602173,
    3.647007703781128,
    3.646275520324707,
    3.612588882446289,
    3.6050918102264404,
    3.6093173027038574,
    3.5955305099487305,
    3.5782861709594727,
    3.555448055267334,
    3.545907974243164,
    3.539548873901367,
    3.5209133625030518,
    3.524404287338257,
    3.506021499633789,
    3.511417865753174,
    3.4880828857421875,
    3.496382236480713,
    3.4760215282440186,
    3.4727654457092285,
    3.466299057006836
  ],
  "val_loss": [
    8.372119903564453,
    7.503931999206543,
    6.855797290802002,
    6.273932456970215,
    5.863991737365723,
    5.621713638305664,
    5.421716690063477,
    5.28372859954834,
    5.1716389656066895,
    5.08077335357666,
    5.002058029174805,
    4.7010817527771,
    4.517453193664551,
    4.409119129180908,
    4.304862976074219,
    4.2121052742004395,
    4.138940811157227,
    4.081755638122559,
    4.012951374053955,
    3.976719379425049,
    3.9328572750091553,
    3.8957412242889404,
    3.86238956451416,
    3.814518928527832,
    3.821514844894409,
    3.7997653484344482,
    3.7808449268341064,
    3.7439377307891846,
    3.714536666870117,
    3.716057777404785,
    3.6935009956359863,
    3.6954662799835205,
    3.6787238121032715,
    3.651881694793701,
    3.6258544921875,
    3.6351358890533447,
    3.610069990158081,
    3.607830286026001,
    3.593402624130249,
    3.5855283737182617,
    3.580728769302368,
    3.580521821975708,
    3.5612404346466064,
    3.557896614074707,
    3.5443038940429688,
    3.539477825164795,
    3.537027597427368,
    3.5344698429107666,
    3.543468713760376
  ],
  "train_perplexity": [
    4321.945446093729,
    1827.637413382162,
    951.7846801106001,
    532.859023619931,
    357.0869389364248,
    279.9089198258758,
    232.21104105335874,
    198.0460056189942,
    175.85236936454064,
    161.76211083289562,
    146.4911737853718,
    110.93964141160765,
    92.22079592867853,
    80.98297511554405,
    72.45340934677026,
    66.80965147423686,
    62.64647649503367,
    58.44162834398543,
    54.601586685623914,
    52.50896892235364,
    49.90229937980356,
    47.57010661650505,
    46.3734631498486,
    44.31369889930133,
    44.41383269802232,
    42.435058525011996,
    42.04887836293641,
    40.08411799957567,
    40.70816824329269,
    39.40336629455056,
    38.359710527551776,
    38.331634461780126,
    37.06187756605097,
    36.78506094699128,
    36.94082480304432,
    36.435024004350886,
    35.81211238494935,
    35.00349995721127,
    34.67115156744215,
    34.45137377080692,
    33.81529999029664,
    33.93355294684276,
    33.31545820497758,
    33.49572657448495,
    32.723153509485755,
    32.99586453461366,
    32.33083853813519,
    32.22573786053349,
    32.018026009862744
  ],
  "val_perplexity": [
    4324.794499040708,
    1815.1656308582799,
    949.3687507140271,
    530.5596840321634,
    352.12694062579715,
    276.3625631638522,
    226.26721997340465,
    197.10342669009012,
    176.20339225348624,
    160.89843920972228,
    148.71891223044565,
    110.0661724639501,
    91.60200807578752,
    82.197026642941,
    74.05906689348129,
    67.49849316855105,
    62.73633661763956,
    59.24939909590575,
    55.30987002427267,
    53.341752816999985,
    51.05264090514939,
    49.1925025302201,
    47.578908510159835,
    45.35493216987596,
    45.673343974662465,
    44.69069652093514,
    43.85307872957233,
    42.26408752575654,
    41.039567687229024,
    41.10204090826786,
    40.18528949262962,
    40.26434266861111,
    39.59583009573848,
    38.54713178564356,
    37.55680144574958,
    37.90700369401287,
    36.96864016524612,
    36.8859340023511,
    36.35757686203663,
    36.072412399085785,
    35.89969391101693,
    35.89226533402272,
    35.206841856740816,
    35.089313101711795,
    34.61558084156103,
    34.4489261311792,
    34.3646217415026,
    34.276837787791685,
    34.58668266024704
  ]
}