{
  "steps": [
    0,
    100,
    200,
    250,
    300,
    400,
    500,
    600,
    700,
    750,
    800,
    900,
    1000,
    1250,
    1500,
    1750,
    2000
  ],
  "train_loss": [
    8.169632911682129,
    7.402400493621826,
    6.852831840515137,
    6.818817138671875,
    6.809109210968018,
    6.808813571929932,
    6.8091721534729,
    6.807393550872803,
    6.807124614715576,
    6.804123401641846,
    6.806884765625,
    6.807916641235352,
    6.805285453796387,
    6.803396701812744,
    6.80534553527832,
    6.804600715637207,
    6.805549144744873
  ],
  "val_loss": [
    8.170533180236816,
    7.40125036239624,
    6.851063251495361,
    6.813453197479248,
    6.808106422424316,
    6.808489799499512,
    6.805757522583008,
    6.8077802658081055,
    6.804222106933594,
    6.805968284606934,
    6.803896903991699,
    6.800970554351807,
    6.805429458618164,
    6.80360221862793,
    6.804364204406738,
    6.806048393249512,
    6.808099746704102
  ],
  "train_perplexity": [
    3532.047152367379,
    1639.9163175329336,
    946.5576150814344,
    914.9021673882113,
    906.0633360758106,
    905.7955079748601,
    906.1203677666057,
    904.5101720980739,
    904.2669493153837,
    901.5571199466362,
    904.0500877180204,
    904.9834364211376,
    902.6053852918518,
    900.9021965368324,
    902.6596167901395,
    901.9875484942173,
    902.843425545159
  ],
  "val_perplexity": [
    3535.228375114871,
    1638.0312827952416,
    944.8850231766313,
    910.0078241848366,
    905.155201552075,
    905.5022838332876,
    903.0315777090381,
    904.8600273335198,
    901.6461127971485,
    903.2219225300502,
    901.3529425012242,
    898.7191242586157,
    902.7353741787846,
    901.0873661141375,
    901.774243534759,
    903.294281310454,
    905.1491590093676
  ]
}