{
  "steps": [
    0,
    100,
    200,
    300,
    400,
    500,
    600,
    700,
    800,
    900,
    1000,
    1500,
    2000,
    2500,
    3000,
    3500,
    4000,
    4500,
    5000,
    5500,
    6000,
    6500,
    7000,
    7500,
    8000,
    8500,
    9000,
    9500,
    10000,
    10500,
    11000,
    11500,
    12000,
    12500,
    13000,
    13500,
    14000,
    14500,
    15000,
    15500,
    16000,
    16500,
    17000,
    17500,
    18000,
    18500,
    19000,
    19500,
    20000,
    20500,
    21000,
    21500,
    22000,
    22500,
    23000,
    23500,
    24000,
    24500,
    24999
  ],
  "train_loss": [
    8.305434226989746,
    8.027844429016113,
    7.440108776092529,
    6.946219444274902,
    6.4956793785095215,
    6.154366970062256,
    5.900383949279785,
    5.697900295257568,
    5.543537616729736,
    5.399806499481201,
    5.3013153076171875,
    4.946474075317383,
    4.750034809112549,
    4.632005214691162,
    4.550553798675537,
    4.483721733093262,
    4.431796073913574,
    4.398570537567139,
    4.369767665863037,
    4.332818984985352,
    4.302371501922607,
    4.283224582672119,
    4.264869213104248,
    4.243974208831787,
    4.231462001800537,
    4.222362995147705,
    4.219601631164551,
    4.2051777839660645,
    4.201784133911133,
    4.192295551300049,
    4.1808366775512695,
    4.175878524780273,
    4.1757893562316895,
    4.163448333740234,
    4.158963203430176,
    4.146944999694824,
    4.1304731369018555,
    4.140013694763184,
    4.135611534118652,
    4.129122734069824,
    4.129218578338623,
    4.1223039627075195,
    4.124901294708252,
    4.119493007659912,
    4.114831447601318,
    4.12138557434082,
    4.104351043701172,
    4.120040416717529,
    4.095638275146484,
    4.096319675445557,
    4.085608959197998,
    4.0827178955078125,
    4.083746910095215,
    4.09235954284668,
    4.077142715454102,
    4.077697277069092,
    4.0799784660339355,
    4.072839736938477,
    4.066784858703613
  ],
  "val_loss": [
    8.305618286132812,
    8.027570724487305,
    7.442898750305176,
    6.948143482208252,
    6.497994422912598,
    6.152535438537598,
    5.902929306030273,
    5.704660415649414,
    5.540450572967529,
    5.409178256988525,
    5.293300628662109,
    4.934549331665039,
    4.752065658569336,
    4.632537841796875,
    4.552048206329346,
    4.478835582733154,
    4.4288859367370605,
    4.387218952178955,
    4.362184524536133,
    4.330089569091797,
    4.306340217590332,
    4.300666332244873,
    4.271367073059082,
    4.273866176605225,
    4.242396354675293,
    4.23765754699707,
    4.218809127807617,
    4.21621561050415,
    4.198016166687012,
    4.189944744110107,
    4.2000908851623535,
    4.181394100189209,
    4.1709184646606445,
    4.157167434692383,
    4.166285514831543,
    4.162889003753662,
    4.143249988555908,
    4.1458353996276855,
    4.138449192047119,
    4.1296162605285645,
    4.12820291519165,
    4.1340436935424805,
    4.12675666809082,
    4.105590343475342,
    4.123353958129883,
    4.120211124420166,
    4.115937232971191,
    4.110085964202881,
    4.094280242919922,
    4.091446876525879,
    4.090029239654541,
    4.100622653961182,
    4.092494964599609,
    4.091172218322754,
    4.082330703735352,
    4.094768047332764,
    4.082146167755127,
    4.093626022338867,
    4.088620185852051
  ],
  "train_perplexity": [
    4045.7985516894473,
    3065.1274473290346,
    1702.935449740402,
    1039.2134877796464,
    662.2740072342827,
    470.7687374115366,
    365.1776506480274,
    298.2405260243483,
    255.5805481044669,
    221.36357809251828,
    200.60048787771737,
    140.6780681549324,
    115.58830798358271,
    102.71983305440544,
    94.68483013153829,
    88.56367041806062,
    84.08229939619844,
    81.33452088528945,
    79.02526929879998,
    76.15867440882705,
    73.87478031058166,
    72.47376125805879,
    71.1556131430442,
    69.68424198883272,
    68.81777036661404,
    68.19443717322544,
    68.00638726717469,
    67.03251391319326,
    66.80541458445018,
    66.17452375260578,
    65.42056624140282,
    65.09700387827824,
    65.09119953171168,
    64.29284396876687,
    64.00512788993296,
    63.24050512225598,
    62.20734856520885,
    62.803681524857936,
    62.527817274588465,
    62.123400280291335,
    62.12935473751224,
    61.7012359742035,
    61.861702871576924,
    61.52804011043372,
    61.24189092514952,
    61.6445962894686,
    60.603402823464165,
    61.561730337213966,
    60.07767300791673,
    60.11862390266337,
    59.47814648968754,
    59.30643970723105,
    59.36749830852463,
    59.881016968355404,
    58.97671561716107,
    59.00943091030501,
    59.14419622705478,
    58.72348528999329,
    58.36899601474407
  ],
  "val_perplexity": [
    4046.5432864394083,
    3064.288622865589,
    1707.6932296864632,
    1041.214898728854,
    663.80897704412,
    469.9072987449896,
    366.10834201452457,
    300.2634979488644,
    254.7927763362725,
    223.44789547045622,
    198.99916498533767,
    139.01048079138747,
    115.8232889607951,
    102.77455899475035,
    94.82643364672182,
    88.13199049330848,
    83.83796406793752,
    80.41646567575039,
    78.42827591669553,
    75.95108913460774,
    74.16855086896787,
    73.7489186135178,
    71.6194777838714,
    71.79868611158686,
    69.57437711613504,
    69.24545748261816,
    67.95251332743126,
    67.77650564644277,
    66.55416761433455,
    66.01914291313119,
    66.69239211437521,
    65.45704331164045,
    64.77491826776436,
    63.890292621861896,
    64.47551342060427,
    64.25689310834754,
    63.007261934860786,
    63.17037237037523,
    62.70550181577016,
    62.15406738892887,
    62.066284276153596,
    62.42986043594492,
    61.976585971051406,
    60.67855516541877,
    61.76605601394778,
    61.57224029581009,
    61.3096487680693,
    60.95195703081611,
    59.99614096597579,
    59.8263905125681,
    59.74163850347873,
    60.37787041578446,
    59.889126709745774,
    59.80996096000944,
    59.28348118668441,
    60.025414487588506,
    59.27254226071626,
    59.95690309228375,
    59.65751859923175
  ]
}