{
  "steps": [
    0,
    100,
    200,
    250,
    300,
    400,
    500,
    600,
    700,
    750,
    800,
    900,
    1000,
    1250,
    1500,
    1750,
    2000,
    2250,
    2500,
    2750,
    3000,
    3250,
    3500,
    3750,
    4000,
    4250,
    4500,
    4750,
    5000,
    5250,
    5500,
    5750,
    6000,
    6250,
    6500,
    6750,
    7000,
    7250,
    7500,
    7750,
    8000,
    8250,
    8500,
    8750,
    9000,
    9250,
    9500,
    9750,
    9999
  ],
  "train_loss": [
    8.464693069458008,
    6.6813249588012695,
    6.508566379547119,
    6.415097713470459,
    6.308422565460205,
    6.1326518058776855,
    5.97272253036499,
    5.868396759033203,
    5.816986560821533,
    5.757694244384766,
    5.71588134765625,
    5.675811767578125,
    5.634095191955566,
    5.509982585906982,
    5.345907688140869,
    5.259337902069092,
    5.185775279998779,
    5.092134475708008,
    5.032956600189209,
    5.024131774902344,
    4.978248119354248,
    4.926301002502441,
    4.909491062164307,
    4.858598232269287,
    4.81894588470459,
    4.808423042297363,
    4.772055625915527,
    4.768803596496582,
    4.733946800231934,
    4.744839668273926,
    4.704165458679199,
    4.705924987792969,
    4.690186500549316,
    4.664942741394043,
    4.6589179039001465,
    4.639684200286865,
    4.6131911277771,
    4.629100799560547,
    4.615971565246582,
    4.566831111907959,
    4.578533172607422,
    4.5624895095825195,
    4.538586616516113,
    4.539193630218506,
    4.511492729187012,
    4.535696506500244,
    4.525324821472168,
    4.498336315155029,
    4.50325345993042
  ],
  "val_loss": [
    8.470914840698242,
    6.695361137390137,
    6.5048065185546875,
    6.394887447357178,
    6.315203666687012,
    6.0824174880981445,
    5.9597063064575195,
    5.8278117179870605,
    5.772186279296875,
    5.761041164398193,
    5.7145280838012695,
    5.66614294052124,
    5.604819297790527,
    5.5003156661987305,
    5.369595050811768,
    5.250697612762451,
    5.150918006896973,
    5.126641750335693,
    5.03136682510376,
    4.977640151977539,
    4.9663496017456055,
    4.8772172927856445,
    4.926001071929932,
    4.848931312561035,
    4.871504783630371,
    4.842892646789551,
    4.7668962478637695,
    4.788359642028809,
    4.742883682250977,
    4.70395040512085,
    4.717601299285889,
    4.695281982421875,
    4.708322525024414,
    4.702628135681152,
    4.66373348236084,
    4.648343563079834,
    4.622101783752441,
    4.624347686767578,
    4.644747257232666,
    4.5846638679504395,
    4.57961893081665,
    4.566838264465332,
    4.572238922119141,
    4.55994987487793,
    4.548924446105957,
    4.545380592346191,
    4.525435924530029,
    4.528180122375488,
    4.485861778259277
  ],
  "train_perplexity": [
    4744.271026676076,
    797.3749013161985,
    670.8639635597837,
    611.0004608767795,
    549.1779728900003,
    460.656113014733,
    392.5730090978272,
    353.68148882447497,
    335.95813729648114,
    316.6174441710803,
    303.6517081309953,
    291.7250553944852,
    279.8056323535158,
    247.14682319238173,
    209.74818415880793,
    192.35409188021887,
    178.71194789422876,
    162.73684945562036,
    153.38584355992865,
    152.03819541469773,
    145.2197510063133,
    137.86859239845285,
    135.57039994198772,
    128.84346684840472,
    123.83448612980915,
    122.53822747170204,
    118.16188912083564,
    117.77824732652375,
    113.7436008781007,
    114.98936758127248,
    110.4061080308783,
    110.60054179807067,
    108.873482878453,
    106.15950650259589,
    105.52183558818497,
    103.51165347068492,
    100.80531957205636,
    102.42192485103485,
    101.08599247562697,
    96.23865652222271,
    97.37146227632356,
    95.82173226183919,
    93.55847262676801,
    93.61528114165651,
    91.05764151101442,
    93.28846870641648,
    92.32591039671276,
    89.86749567116786,
    90.31047536308219
  ],
  "val_perplexity": [
    4773.880812846486,
    808.6459137598343,
    668.3463442271996,
    598.7759256172094,
    552.9146594217477,
    438.086985678527,
    387.49630236248777,
    339.6146926193604,
    321.23928427056467,
    317.6789127659492,
    303.24106516668735,
    288.9180085791297,
    271.73281827690795,
    244.76918542880315,
    214.7758767751191,
    190.69925630121418,
    172.58985629362817,
    168.45046837303465,
    153.14218829722705,
    145.1314889681862,
    143.5020903145652,
    131.2648834537621,
    137.82724759319916,
    127.60394821566594,
    130.51716930056975,
    126.83571251509031,
    117.55381724875078,
    120.10419311763539,
    114.76466980998467,
    110.38236735733238,
    111.89951703706247,
    109.42966153260585,
    110.8660288452172,
    110.23650857984792,
    106.03120974803605,
    104.41189054578746,
    101.70757496907018,
    101.9362570210863,
    104.03706784581563,
    97.97025066576394,
    97.47724155580352,
    96.23934487719674,
    96.76050667319548,
    95.57868881654797,
    94.53068077619018,
    94.19627076777614,
    92.33616865752919,
    92.58990536524752,
    88.75340361922183
  ]
}