{
  "steps": [
    0,
    100,
    200,
    250,
    300,
    400,
    500,
    600,
    700,
    750,
    800,
    900,
    1000,
    1250,
    1500,
    1750,
    2000,
    2250,
    2500,
    2750,
    3000,
    3250,
    3500,
    3750,
    4000,
    4250,
    4500,
    4750,
    5000,
    5250,
    5500,
    5750,
    6000,
    6250,
    6500,
    6750,
    7000,
    7250,
    7500,
    7750,
    7999
  ],
  "train_loss": [
    8.464072227478027,
    8.271604537963867,
    6.801791667938232,
    6.703007221221924,
    6.590909004211426,
    6.340185165405273,
    6.055219650268555,
    5.84190559387207,
    5.705544948577881,
    5.643637180328369,
    5.5986833572387695,
    5.510872840881348,
    5.430095195770264,
    5.28990364074707,
    5.200259685516357,
    5.126132488250732,
    5.072632789611816,
    5.021276950836182,
    4.985708713531494,
    4.956986904144287,
    4.93829870223999,
    4.902623653411865,
    4.878185749053955,
    4.864895820617676,
    4.8345794677734375,
    4.817141532897949,
    4.79764986038208,
    4.7790937423706055,
    4.764285564422607,
    4.750553607940674,
    4.72222900390625,
    4.7123308181762695,
    4.7052836418151855,
    4.682163715362549,
    4.67725133895874,
    4.655110836029053,
    4.646954536437988,
    4.631619930267334,
    4.620790958404541,
    4.613426208496094,
    4.597702980041504
  ],
  "val_loss": [
    8.464577674865723,
    8.270811080932617,
    6.802502155303955,
    6.701310157775879,
    6.595606327056885,
    6.332696914672852,
    6.056482791900635,
    5.8425397872924805,
    5.706960678100586,
    5.646979331970215,
    5.599039554595947,
    5.505465030670166,
    5.43616247177124,
    5.287363052368164,
    5.197944641113281,
    5.130049705505371,
    5.066380023956299,
    5.032084941864014,
    4.987948894500732,
    4.956599712371826,
    4.928704738616943,
    4.912176609039307,
    4.895547866821289,
    4.870511531829834,
    4.842874526977539,
    4.830558776855469,
    4.809926509857178,
    4.792975902557373,
    4.770979881286621,
    4.758103370666504,
    4.736706256866455,
    4.7249860763549805,
    4.7018890380859375,
    4.690224647521973,
    4.686196327209473,
    4.656643390655518,
    4.650917053222656,
    4.649924278259277,
    4.628788471221924,
    4.615355968475342,
    4.6094889640808105
  ],
  "train_perplexity": [
    4741.326498196336,
    3911.21966047623,
    899.4573777954505,
    814.8525863379442,
    728.442726544227,
    566.9012721675537,
    426.33253922762424,
    344.43506904744754,
    300.5292083975132,
    282.48831314382505,
    270.0705867501308,
    247.3669448487889,
    228.170965300961,
    198.32431410587546,
    181.31932176360178,
    168.36470477622598,
    159.59395200813512,
    151.60477208349775,
    146.30722820399737,
    142.16479375837125,
    139.53266090933676,
    134.64257212375517,
    131.3920693299908,
    129.65743027717625,
    125.78567515284,
    123.61124661291569,
    121.22518637032651,
    118.99645971449337,
    117.24732170012183,
    115.64829062042502,
    112.41855499996633,
    111.31130419030441,
    110.52963132695115,
    108.00350878673639,
    107.47425590762388,
    105.1208705330987,
    104.26696032736349,
    102.68026432580824,
    101.57434144374585,
    100.82901974467747,
    99.25606043708946
  ],
  "val_perplexity": [
    4743.723595041195,
    3908.1175066115125,
    900.0966579717325,
    813.4709025339008,
    731.8725062901493,
    562.6720278843344,
    426.871397862774,
    344.6535767827563,
    300.95497778630977,
    283.43401137656605,
    270.16680231423015,
    246.03284189756107,
    229.55954972563597,
    197.8210931675112,
    180.90004499201214,
    169.02551933494945,
    158.59916176244556,
    153.25220176587533,
    146.6353502614554,
    142.10975937501217,
    138.20039073111462,
    135.93496992166777,
    133.6932326400546,
    130.3875972466513,
    126.83341429664486,
    125.28094519267916,
    122.72259828458145,
    120.65990703690623,
    118.03484544879792,
    116.52471199806307,
    114.05790486685005,
    112.7289287655543,
    110.15506314322242,
    108.87763615144425,
    108.43992437169399,
    105.28209752260007,
    104.6809395659118,
    104.57706651977902,
    102.38994057646521,
    101.02378341485439,
    100.43281174548636
  ]
}