{
  "steps": [
    0,
    100,
    200,
    250,
    300,
    400,
    500,
    600,
    700,
    750,
    800,
    900,
    1000,
    1250,
    1500,
    1750,
    2000,
    2250,
    2500,
    2750,
    3000,
    3250,
    3500,
    3750,
    4000,
    4250,
    4500,
    4750,
    5000,
    5250,
    5500,
    5750,
    6000,
    6250,
    6500,
    6750,
    7000,
    7250,
    7500,
    7750,
    7999
  ],
  "train_loss": [
    8.435811996459961,
    6.876816272735596,
    6.29149055480957,
    5.917769432067871,
    5.642733573913574,
    5.239348411560059,
    5.015958786010742,
    4.8779096603393555,
    4.762919902801514,
    4.7151079177856445,
    4.679534912109375,
    4.603016376495361,
    4.543881893157959,
    4.408394813537598,
    4.325587749481201,
    4.249457836151123,
    4.1935296058654785,
    4.145228862762451,
    4.104766368865967,
    4.07081937789917,
    4.048788547515869,
    4.016307353973389,
    3.997647523880005,
    3.9763710498809814,
    3.958846092224121,
    3.936436414718628,
    3.9210205078125,
    3.903778314590454,
    3.8936619758605957,
    3.882270574569702,
    3.869548797607422,
    3.8566055297851562,
    3.8419952392578125,
    3.8384594917297363,
    3.8287482261657715,
    3.8172123432159424,
    3.8090739250183105,
    3.7965633869171143,
    3.7952330112457275,
    3.790600538253784,
    3.7841241359710693
  ],
  "val_loss": [
    8.435700416564941,
    6.881180286407471,
    6.289377212524414,
    5.920407295227051,
    5.63060188293457,
    5.243279457092285,
    5.017420768737793,
    4.872010231018066,
    4.763136863708496,
    4.71837854385376,
    4.677050590515137,
    4.6070556640625,
    4.5503997802734375,
    4.417243480682373,
    4.330103397369385,
    4.266270160675049,
    4.201615333557129,
    4.156129360198975,
    4.1142401695251465,
    4.083863258361816,
    4.054976940155029,
    4.029256820678711,
    4.009180068969727,
    3.992582082748413,
    3.974679470062256,
    3.9570798873901367,
    3.9388816356658936,
    3.9296770095825195,
    3.914146661758423,
    3.9007749557495117,
    3.8961126804351807,
    3.8864223957061768,
    3.8757734298706055,
    3.8699872493743896,
    3.8604812622070312,
    3.8460183143615723,
    3.841968059539795,
    3.835706949234009,
    3.824228048324585,
    3.824873685836792,
    3.816580057144165
  ],
  "train_perplexity": [
    4609.211114270012,
    969.5347068334909,
    539.9575659030334,
    371.5819500160259,
    282.2331701837319,
    188.54720719087462,
    150.80065303129643,
    131.3557984696789,
    117.08731081792911,
    111.62085639940368,
    107.71996166956585,
    99.78485082906155,
    94.05520462750097,
    82.13751160714757,
    75.60993950529662,
    70.06741402809098,
    66.25623713477393,
    63.132068828171505,
    60.62857816934441,
    58.60496253524354,
    57.3279648552679,
    55.49580065264304,
    54.46986014760599,
    53.3231755442558,
    52.3968299429031,
    51.235692828278374,
    50.45190507906853,
    49.589460170632194,
    49.09032535932046,
    48.534290782908315,
    47.92075924092154,
    47.30450479628995,
    46.61839656298714,
    46.453856739629856,
    46.0049144276258,
    45.47725647144588,
    45.10864552934109,
    44.547827483137176,
    44.48860154235118,
    44.28298591937281,
    43.99711818470108
  ],
  "val_perplexity": [
    4608.696847669199,
    973.7750152017309,
    538.8176556813139,
    372.5634262835142,
    278.8298900907793,
    189.28985357934982,
    151.02128221999004,
    130.58315553772286,
    117.11271694304861,
    111.9865241373448,
    107.45268278348098,
    100.18872567058744,
    94.67024804828176,
    82.86754425200846,
    75.95213941461317,
    71.25536828597298,
    66.79413875852742,
    63.824004150852936,
    61.20569064097403,
    59.374406015887395,
    57.68383280058438,
    56.219114834330675,
    55.101672465260144,
    54.19464391187637,
    53.233051384230336,
    52.30436808589796,
    51.361128714358316,
    50.890537858325,
    50.10629564427406,
    49.44074865581606,
    49.210778781836744,
    48.73621536453943,
    48.21997864421446,
    47.94177478930065,
    47.488200146296336,
    46.806323642485644,
    46.61712950533334,
    46.32616634210674,
    45.79743331188647,
    45.82701140012962,
    45.448510924258564
  ]
}