{
  "steps": [
    0,
    1000,
    2000,
    2999
  ],
  "train_loss": [
    8.459046363830566,
    4.958338737487793,
    4.687708854675293,
    4.521428108215332
  ],
  "val_loss": [
    8.459924697875977,
    4.972433567047119,
    4.6704511642456055,
    4.510655879974365
  ],
  "train_perplexity": [
    4717.557018822816,
    142.35710682516756,
    108.60406683940008,
    91.9668428437186
  ],
  "val_perplexity": [
    4721.702430025001,
    144.37781328560638,
    106.74589149967524,
    90.98147187110732
  ]
}