{
  "steps": [
    0,
    100,
    200,
    250,
    300,
    400,
    500,
    600,
    700,
    750,
    800,
    900,
    1000,
    1250,
    1500,
    1750,
    2000,
    2250,
    2500,
    2750,
    3000,
    3250,
    3500,
    3750,
    4000,
    4250,
    4500,
    4750,
    5000,
    5250,
    5500,
    5750,
    6000,
    6250,
    6500,
    6750,
    7000,
    7250,
    7500,
    7750,
    8000,
    8250,
    8500,
    8750,
    9000,
    9250,
    9500,
    9750,
    9999
  ],
  "train_loss": [
    8.463297843933105,
    6.830479621887207,
    6.4771599769592285,
    6.195555686950684,
    5.929283142089844,
    5.609896183013916,
    5.392691135406494,
    5.224912166595459,
    5.108887195587158,
    5.071993827819824,
    5.027853488922119,
    4.958681106567383,
    4.893038749694824,
    4.749227523803711,
    4.639018535614014,
    4.547937393188477,
    4.45404052734375,
    4.393252372741699,
    4.329252243041992,
    4.279785633087158,
    4.229628086090088,
    4.1843180656433105,
    4.155397415161133,
    4.113954544067383,
    4.100038528442383,
    4.074833869934082,
    4.04693078994751,
    4.025463581085205,
    4.005898475646973,
    3.9855093955993652,
    3.978829860687256,
    3.960942506790161,
    3.946986675262451,
    3.936645746231079,
    3.925175905227661,
    3.911166191101074,
    3.8983774185180664,
    3.8985745906829834,
    3.882770538330078,
    3.8798365592956543,
    3.8541836738586426,
    3.863285541534424,
    3.8529927730560303,
    3.840296506881714,
    3.8321545124053955,
    3.8329551219940186,
    3.8238589763641357,
    3.8078393936157227,
    3.812779426574707
  ],
  "val_loss": [
    8.462961196899414,
    6.828044414520264,
    6.473608493804932,
    6.193127155303955,
    5.916218280792236,
    5.6137847900390625,
    5.396354675292969,
    5.2314019203186035,
    5.118134498596191,
    5.0737996101379395,
    5.038680553436279,
    4.971682548522949,
    4.895097255706787,
    4.758501052856445,
    4.663435935974121,
    4.555211067199707,
    4.469904899597168,
    4.405346870422363,
    4.343713760375977,
    4.288442134857178,
    4.244185924530029,
    4.203362941741943,
    4.171950340270996,
    4.140960693359375,
    4.110760688781738,
    4.0910820960998535,
    4.075472831726074,
    4.057137489318848,
    4.0359206199646,
    4.020803928375244,
    4.019919395446777,
    3.998429775238037,
    3.9834303855895996,
    3.9773976802825928,
    3.953892707824707,
    3.9463586807250977,
    3.930107831954956,
    3.9352831840515137,
    3.924254894256592,
    3.912994861602783,
    3.9062681198120117,
    3.8913450241088867,
    3.8916893005371094,
    3.8794472217559814,
    3.879297971725464,
    3.868311643600464,
    3.866053581237793,
    3.854388952255249,
    3.8580822944641113
  ],
  "train_perplexity": [
    4737.656314223476,
    925.6346606737122,
    650.1219605856079,
    490.56396926811266,
    375.88496111310303,
    273.1158824651197,
    219.79408601700953,
    185.84484642348602,
    165.48609871129867,
    159.49201014251577,
    152.60509235791667,
    142.40585384106367,
    133.35820115273694,
    115.49503289554394,
    103.44277234814948,
    94.43742002615812,
    85.97362191995512,
    80.90311864809928,
    75.88751992695518,
    72.22495570693879,
    68.69168003124351,
    65.64871753285088,
    63.777305580197925,
    61.1882112339676,
    60.3426124594424,
    58.84070456619604,
    57.22156226039429,
    56.00626621016082,
    54.921147551505214,
    53.81269444705311,
    53.454448466011236,
    52.50679064174241,
    51.779104262372236,
    51.24641919599382,
    50.66198898378247,
    49.95717763167553,
    49.32235460394944,
    49.33208055819773,
    48.5585622363533,
    48.41630123026602,
    47.19007871866481,
    47.621557222113985,
    47.133913466303476,
    46.539271608512266,
    46.161887530478744,
    46.19885997853793,
    45.780533882135174,
    45.052991850082606,
    45.276105756009564
  ],
  "val_perplexity": [
    4736.061664710718,
    923.3832907178885,
    647.8171585496966,
    489.37406458939955,
    371.0060169953535,
    274.17999041228427,
    220.60078720667337,
    187.05485579207482,
    167.02349624472555,
    159.78027819065065,
    154.26633449770318,
    144.26942357978277,
    133.6330025546854,
    116.57106101619142,
    105.99966523790633,
    95.12683127070052,
    87.34841574891071,
    81.88754228379814,
    76.99294238967697,
    72.85288507856035,
    69.69899679863919,
    66.91097080070098,
    64.84179242305851,
    62.863184693359244,
    60.993096691763725,
    59.804570996257546,
    58.87831354229756,
    57.80859628759859,
    56.59499874813085,
    55.74590353096228,
    55.69661624498924,
    54.51248593954648,
    53.70093353293,
    53.37794684751191,
    52.13793004760051,
    51.746597475856916,
    50.91246736410135,
    51.176640313188344,
    50.61535021681706,
    50.048616428993675,
    49.713082100900635,
    48.976717107229824,
    48.993581539308224,
    48.397454615750306,
    48.3902318331856,
    47.86151053905155,
    47.75355819091924,
    47.199766816704496,
    47.3744140251635
  ]
}