{
  "steps": [
    0,
    100,
    200,
    250,
    300,
    400,
    500,
    600,
    700,
    750,
    800,
    900,
    1000,
    1250,
    1500,
    1750,
    2000,
    2250,
    2500,
    2750,
    3000,
    3250,
    3500,
    3750,
    4000,
    4250,
    4500,
    4750,
    5000,
    5250,
    5500,
    5750,
    6000,
    6250,
    6500,
    6750,
    7000,
    7250,
    7500,
    7750,
    8000,
    8250,
    8500,
    8750,
    9000,
    9250,
    9500,
    9750,
    10000,
    10250,
    10500,
    10750,
    11000,
    11250,
    11500,
    11750,
    12000,
    12250,
    12500,
    12750,
    13000,
    13250,
    13500,
    13750,
    14000,
    14250,
    14500,
    14750,
    15000,
    15250,
    15500,
    15750,
    16000,
    16250,
    16500,
    16750,
    17000,
    17250,
    17500,
    17750,
    18000,
    18250,
    18500,
    18750,
    19000,
    19250,
    19500,
    19750,
    19999
  ],
  "train_loss": [
    8.450031280517578,
    8.272688865661621,
    6.8662543296813965,
    6.80856990814209,
    6.697443962097168,
    6.439356803894043,
    6.177565097808838,
    5.9614787101745605,
    5.808289527893066,
    5.750343322753906,
    5.6886138916015625,
    5.5944414138793945,
    5.515036106109619,
    5.357018947601318,
    5.2575225830078125,
    5.1709771156311035,
    5.116045951843262,
    5.071409702301025,
    5.02945613861084,
    4.988813877105713,
    4.960320949554443,
    4.936661720275879,
    4.918392658233643,
    4.8791680335998535,
    4.870151996612549,
    4.8507866859436035,
    4.832735061645508,
    4.8157267570495605,
    4.7974853515625,
    4.777295112609863,
    4.75942325592041,
    4.7466840744018555,
    4.731038570404053,
    4.715575218200684,
    4.700239658355713,
    4.691315650939941,
    4.677166938781738,
    4.6571736335754395,
    4.644469261169434,
    4.638717174530029,
    4.6286540031433105,
    4.618270397186279,
    4.604489803314209,
    4.594563007354736,
    4.578794002532959,
    4.573722839355469,
    4.5610857009887695,
    4.558865070343018,
    4.53704833984375,
    4.537684440612793,
    4.53386926651001,
    4.528994083404541,
    4.5219035148620605,
    4.505613327026367,
    4.500473976135254,
    4.495034694671631,
    4.48987340927124,
    4.480499744415283,
    4.470427989959717,
    4.470365047454834,
    4.459437847137451,
    4.465124130249023,
    4.451104640960693,
    4.446832180023193,
    4.445525169372559,
    4.43734884262085,
    4.432954788208008,
    4.429510593414307,
    4.41457986831665,
    4.415036201477051,
    4.407590389251709,
    4.405534744262695,
    4.40471076965332,
    4.39758825302124,
    4.391294479370117,
    4.381616115570068,
    4.387032508850098,
    4.376684188842773,
    4.370643138885498,
    4.376296520233154,
    4.372445583343506,
    4.362199783325195,
    4.360781669616699,
    4.354542255401611,
    4.34780740737915,
    4.353917598724365,
    4.350255012512207,
    4.339466571807861,
    4.336816310882568
  ],
  "val_loss": [
    8.448393821716309,
    8.273641586303711,
    6.869837284088135,
    6.808284282684326,
    6.702881336212158,
    6.442625999450684,
    6.177955150604248,
    5.966744422912598,
    5.818698406219482,
    5.747439861297607,
    5.694193363189697,
    5.593357563018799,
    5.511350631713867,
    5.357991695404053,
    5.262143135070801,
    5.17897367477417,
    5.120840549468994,
    5.071349143981934,
    5.031431674957275,
    5.009044170379639,
    4.962424278259277,
    4.931976318359375,
    4.907435894012451,
    4.88823938369751,
    4.87562370300293,
    4.849886894226074,
    4.829314708709717,
    4.8135576248168945,
    4.799723148345947,
    4.781468868255615,
    4.768350601196289,
    4.743374824523926,
    4.73469877243042,
    4.717267990112305,
    4.707497596740723,
    4.6834516525268555,
    4.674910545349121,
    4.657681941986084,
    4.6482319831848145,
    4.632410526275635,
    4.634494304656982,
    4.626603603363037,
    4.610236167907715,
    4.5938215255737305,
    4.59016752243042,
    4.579096794128418,
    4.566839218139648,
    4.568476676940918,
    4.554121971130371,
    4.550555229187012,
    4.5294270515441895,
    4.53586483001709,
    4.521378517150879,
    4.505130290985107,
    4.497767925262451,
    4.488642692565918,
    4.488914489746094,
    4.485767841339111,
    4.48306131362915,
    4.471330165863037,
    4.472214221954346,
    4.466218948364258,
    4.4431915283203125,
    4.445710182189941,
    4.446715831756592,
    4.4454545974731445,
    4.433110237121582,
    4.430186748504639,
    4.42949104309082,
    4.41353178024292,
    4.421453475952148,
    4.4104743003845215,
    4.399796962738037,
    4.406268119812012,
    4.399098873138428,
    4.392271995544434,
    4.3945465087890625,
    4.384642124176025,
    4.3770341873168945,
    4.380489826202393,
    4.373239517211914,
    4.369518756866455,
    4.361966609954834,
    4.3658447265625,
    4.363844871520996,
    4.35617733001709,
    4.355844497680664,
    4.354232311248779,
    4.345245838165283
  ],
  "train_perplexity": [
    4675.218976493904,
    3915.463004458024,
    959.3484246308701,
    905.5748252976572,
    810.331936683835,
    626.0040269419615,
    481.8173487875451,
    388.1837112522173,
    333.04896722483437,
    314.2985476074616,
    295.48376412626965,
    268.92738902234095,
    248.39894580513035,
    212.09174650769668,
    192.0052245792486,
    176.08681062665423,
    166.67502389105255,
    159.39887399359586,
    152.8498609484436,
    146.76224216043778,
    142.6395686572292,
    139.3044353115822,
    136.78258004579493,
    131.52119713889005,
    130.34072673984775,
    127.84092095317092,
    125.55388910229647,
    123.4364880578596,
    121.20524539829121,
    118.78262150615912,
    116.67861279049572,
    115.20165038315723,
    113.41328888969441,
    111.67302906112997,
    109.97352536841082,
    108.99648684609399,
    107.46518544418187,
    105.33793741245076,
    104.00814997023826,
    103.41160341893132,
    102.37617332353534,
    101.31863948952464,
    99.93198487339241,
    98.9448879106031,
    97.39686298006636,
    96.9041978433783,
    95.68731126337347,
    95.4750608396909,
    93.4146644475657,
    93.47410449038492,
    93.11816392700467,
    92.6653006201355,
    92.01057488651338,
    90.5238477485246,
    90.05980738544623,
    89.57127657726507,
    89.11016464394167,
    88.27877848045236,
    87.39411881574765,
    87.38861818411094,
    86.43890355866725,
    86.9318197384757,
    85.72158329347974,
    85.35612244188833,
    85.24463395495091,
    84.55048762461394,
    84.17978322546391,
    83.89035037202319,
    82.64711094119606,
    82.68483416505417,
    82.07146476643123,
    81.90292825610796,
    81.83547011850439,
    81.2546664686763,
    80.74487393204873,
    79.96716521180997,
    80.40147395979099,
    79.57374397222044,
    79.09448408358139,
    79.54290170820761,
    79.23717605662328,
    78.42947264634458,
    78.318329561427,
    77.83119037461441,
    77.30877032053519,
    77.78258778339584,
    77.49822342221327,
    76.66663228572051,
    76.4637147169241
  ],