{
  "steps": [
    0,
    100,
    200,
    250,
    300,
    400,
    500,
    600,
    700,
    750,
    800,
    900,
    1000,
    1250,
    1500,
    1750,
    2000,
    2250,
    2500,
    2750,
    3000,
    3250,
    3500,
    3750,
    4000,
    4250,
    4500,
    4750,
    5000,
    5250,
    5500,
    5750,
    6000,
    6250,
    6500,
    6750,
    7000,
    7250,
    7500,
    7750,
    8000,
    8250,
    8500,
    8750,
    9000,
    9250,
    9500,
    9750,
    10000,
    10250,
    10500,
    10750,
    11000,
    11250,
    11500,
    11750,
    12000,
    12250,
    12500,
    12750,
    13000,
    13250,
    13500,
    13750,
    14000,
    14250,
    14500,
    14750,
    15000,
    15250,
    15500,
    15750,
    16000,
    16250,
    16500,
    16750,
    17000,
    17250,
    17500,
    17750,
    18000,
    18250,
    18500,
    18750,
    19000,
    19250,
    19500,
    19750,
    20000,
    20250,
    20500,
    20750,
    21000,
    21250,
    21500,
    21750,
    22000,
    22250,
    22500,
    22750,
    23000,
    23250,
    23500,
    23750,
    24000,
    24250,
    24500,
    24750,
    25000,
    25250,
    25500,
    25750,
    26000,
    26250,
    26500,
    26750,
    27000,
    27250,
    27500,
    27750,
    28000,
    28250,
    28500,
    28750
  ],
  "train_loss": [
    8.460591316223145,
    8.281072616577148,
    6.824190139770508,
    6.732866287231445,
    6.619387626647949,
    6.374438762664795,
    6.126208305358887,
    5.897935390472412,
    5.757684230804443,
    5.690648555755615,
    5.635589599609375,
    5.5524725914001465,
    5.4708404541015625,
    5.328518390655518,
    5.2257513999938965,
    5.163484573364258,
    5.112914085388184,
    5.069271564483643,
    5.023473262786865,
    5.001791477203369,
    4.976391792297363,
    4.948736667633057,
    4.921369552612305,
    4.904416084289551,
    4.87660026550293,
    4.853852272033691,
    4.845421314239502,
    4.82811164855957,
    4.8008856773376465,
    4.790604591369629,
    4.786918640136719,
    4.768530368804932,
    4.74251127243042,
    4.731298923492432,
    4.717617511749268,
    4.707600116729736,
    4.69343900680542,
    4.680117607116699,
    4.6676249504089355,
    4.6626763343811035,
    4.645693778991699,
    4.628216743469238,
    4.621831893920898,
    4.614267826080322,
    4.6033501625061035,
    4.593606948852539,
    4.595301151275635,
    4.582462787628174,
    4.577664375305176,
    4.5678181648254395,
    4.548583507537842,
    4.541577339172363,
    4.531040668487549,
    4.537266254425049,
    4.5324811935424805,
    4.5185160636901855,
    4.512653827667236,
    4.504579544067383,
    4.492461204528809,
    4.507174015045166,
    4.491987228393555,
    4.492793560028076,
    4.474967002868652,
    4.479934215545654,
    4.470780372619629,
    4.462450981140137,
    4.454558372497559,
    4.453150272369385,
    4.445246696472168,
    4.4456787109375,
    4.445879936218262,
    4.434625625610352,
    4.4244561195373535,
    4.428872585296631,
    4.42832088470459,
    4.421950817108154,
    4.419711589813232,
    4.417466163635254,
    4.404655456542969,
    4.395748615264893,
    4.406424045562744,
    4.3892974853515625,
    4.390704154968262,
    4.386206150054932,
    4.3817033767700195,
    4.383404731750488,
    4.37786865234375,
    4.3749918937683105,
    4.374153137207031,
    4.368612766265869,
    4.3653998374938965,
    4.373992919921875,
    4.3655548095703125,
    4.3601813316345215,
    4.349066257476807,
    4.353790283203125,
    4.344797611236572,
    4.344224452972412,
    4.343998908996582,
    4.343430519104004,
    4.3311896324157715,
    4.334141731262207,
    4.33436393737793,
    4.33796501159668,
    4.333502292633057,
    4.323580265045166,
    4.32975435256958,
    4.317001819610596,
    4.311979293823242,
    4.3156328201293945,
    4.322842121124268,
    4.3156843185424805,
    4.312185764312744,
    4.309473514556885,
    4.309173583984375,
    4.3045244216918945,
    4.302626132965088,
    4.304807662963867,
    4.301718711853027,
    4.297766208648682,
    4.296481132507324,
    4.298933029174805,
    4.2937445640563965,
    4.290970325469971
  ],
  "val_loss": [
    8.460763931274414,
    8.281621932983398,
    6.827995300292969,
    6.737180709838867,
    6.6186137199401855,
    6.361871242523193,
    6.117379665374756,
    5.897284507751465,
    5.7514567375183105,
    5.688624858856201,
    5.6384782791137695,
    5.544772148132324,
    5.468218803405762,
    5.337352275848389,
    5.236841201782227,
    5.159754753112793,
    5.114338397979736,
    5.065749645233154,
    5.028284072875977,
    4.991743087768555,
    4.966331481933594,
    4.9479289054870605,
    4.925475597381592,
    4.902815341949463,
    4.882659435272217,
    4.86114501953125,
    4.842442512512207,
    4.825953960418701,
    4.802720546722412,
    4.796738624572754,
    4.7808051109313965,
    4.758787155151367,
    4.747136116027832,
    4.737458229064941,
    4.725331783294678,
    4.702192783355713,
    4.695061206817627,
    4.681939601898193,
    4.676032543182373,
    4.6598286628723145,
    4.64409875869751,
    4.632613658905029,
    4.628777980804443,
    4.630827903747559,
    4.607354164123535,
    4.595883846282959,
    4.595876216888428,
    4.590138912200928,
    4.5749430656433105,
    4.5726141929626465,
    4.561696529388428,
    4.557901859283447,
    4.547831058502197,
    4.5433149337768555,
    4.534803867340088,
    4.5257649421691895,
    4.522334575653076,
    4.500946521759033,
    4.510987281799316,
    4.499738693237305,
    4.489424228668213,
    4.499105453491211,
    4.482176780700684,
    4.483902931213379,
    4.480855464935303,
    4.465883731842041,
    4.477391242980957,
    4.4602203369140625,
    4.4576520919799805,
    4.4569010734558105,
    4.4513702392578125,
    4.4467949867248535,
    4.442292213439941,
    4.435935020446777,
    4.429449081420898,
    4.4231486320495605,
    4.420361042022705,
    4.410199165344238,
    4.410937309265137,
    4.411068916320801,
    4.40294075012207,
    4.408329486846924,
    4.402854919433594,
    4.3947367668151855,
    4.392492294311523,
    4.386294841766357,
    4.389469623565674,
    4.392649173736572,
    4.379699230194092,
    4.386283874511719,
    4.375799179077148,
    4.376589775085449,
    4.372582912445068,
    4.3649678230285645,
    4.3589348793029785,
    4.365217208862305,
    4.361210823059082,
    4.354874610900879,
    4.354033470153809,
    4.351866245269775,
    4.349474906921387,
    4.340936660766602,
    4.349009990692139,
    4.3456854820251465,
    4.336902141571045,
    4.334448337554932,
    4.337716102600098,
    4.33552360534668,
    4.331030368804932,
    4.323724746704102,
    4.322228908538818,
    4.329094409942627,
    4.320969104766846,
    4.317811489105225,
    4.316569805145264,
    4.317873001098633,
    4.319180965423584,
    4.318099498748779,
    4.303624153137207,
    4.306784629821777,
    4.312892436981201,
    4.31544303894043,
    4.305990695953369,
    4.303346157073975
  ],