{
  "steps": [
    0,
    100,
    200,
    300,
    400,
    500,
    600,
    700,
    800,
    900,
    1000,
    1500,
    2000,
    2500,
    3000,
    3500,
    4000,
    4500,
    5000,
    5500,
    6000,
    6500,
    7000,
    7500,
    8000,
    8500,
    9000,
    9500,
    10000,
    10500,
    11000,
    11500,
    12000,
    12500,
    13000,
    13500,
    14000,
    14500,
    15000,
    15500,
    16000,
    16500,
    17000,
    17500,
    18000,
    18500,
    19000,
    19500,
    20000,
    20500,
    21000,
    21500,
    22000,
    22500,
    23000,
    23500,
    24000,
    24500,
    24999
  ],
  "train_loss": [
    8.438461303710938,
    8.21269416809082,
    7.447209358215332,
    6.93144416809082,
    6.737665176391602,
    6.592873573303223,
    6.425493240356445,
    6.211297512054443,
    6.029094219207764,
    5.882814407348633,
    5.772502422332764,
    5.353805065155029,
    5.066521167755127,
    4.896633148193359,
    4.762174606323242,
    4.668473720550537,
    4.598748683929443,
    4.531176567077637,
    4.477988243103027,
    4.445852756500244,
    4.3887715339660645,
    4.346240997314453,
    4.325874328613281,
    4.30559778213501,
    4.260171413421631,
    4.234204292297363,
    4.220374584197998,
    4.19363260269165,
    4.169744968414307,
    4.157724380493164,
    4.136566638946533,
    4.105330944061279,
    4.079765796661377,
    4.0742058753967285,
    4.074696063995361,
    4.0515899658203125,
    4.026749134063721,
    4.0254926681518555,
    4.0230278968811035,
    3.9974265098571777,
    3.9816689491271973,
    3.9576616287231445,
    3.970219373703003,
    3.950213670730591,
    3.9336013793945312,
    3.9243390560150146,
    3.944439649581909,
    3.914706230163574,
    3.9040796756744385,
    3.896555185317993,
    3.884282112121582,
    3.8832781314849854,
    3.8682031631469727,
    3.884976387023926,
    3.842352867126465,
    3.8327536582946777,
    3.8269360065460205,
    3.8193979263305664,
    3.8368422985076904
  ],
  "val_loss": [
    8.436092376708984,
    8.214407920837402,
    7.450782299041748,
    6.933422088623047,
    6.750607490539551,
    6.616941452026367,
    6.439330577850342,
    6.231002330780029,
    6.049355506896973,
    5.915715217590332,
    5.808770656585693,
    5.408540725708008,
    5.1426472663879395,
    4.971707344055176,
    4.863554000854492,
    4.769747734069824,
    4.708967685699463,
    4.666153430938721,
    4.6310038566589355,
    4.594846725463867,
    4.553055286407471,
    4.512729644775391,
    4.493789196014404,
    4.475055694580078,
    4.459219932556152,
    4.443820476531982,
    4.406031608581543,
    4.399367809295654,
    4.399617671966553,
    4.376212120056152,
    4.347054958343506,
    4.340175628662109,
    4.331432342529297,
    4.319591999053955,
    4.315620422363281,
    4.304749965667725,
    4.295904159545898,
    4.285864353179932,
    4.27022123336792,
    4.267632484436035,
    4.247436046600342,
    4.251595497131348,
    4.250972747802734,
    4.213227272033691,
    4.213778495788574,
    4.206296443939209,
    4.197459697723389,
    4.201929569244385,
    4.1769819259643555,
    4.180505275726318,
    4.198190212249756,
    4.172885417938232,
    4.162255764007568,
    4.1663689613342285,
    4.16372013092041,
    4.138662815093994,
    4.167871475219727,
    4.135377407073975,
    4.128615379333496
  ],
  "train_perplexity": [
    4621.438520622646,
    3687.463742623374,
    1715.070314066605,
    1023.9716995822383,
    843.5888036353984,
    729.8752092548428,
    617.3852617811638,
    498.3474437904873,
    415.3386531762295,
    358.8176810820735,
    321.3408578881906,
    211.41120274619755,
    158.6215486304743,
    133.83840617782963,
    117.00007856850824,
    106.53501607540906,
    99.3599071723945,
    92.86776197974308,
    88.0573443948465,
    85.27256357418094,
    80.5414157882773,
    77.1877678790782,
    75.63161084126469,
    74.11350594331354,
    70.82212227617487,
    69.00674768122191,
    68.05897333116732,
    66.26306166835951,
    64.69894972743674,
    63.92588596290919,
    62.587566423552545,
    60.66281722505721,
    59.131619405352474,
    58.80376452544036,
    58.83259652634916,
    57.488789628923655,
    56.0783115316195,
    56.0078952918514,
    55.87001862762238,
    54.457822874943965,
    53.606426009474326,
    52.33480455092688,
    52.99615552743711,
    51.94646508825027,
    51.09064353634072,
    50.619610272958894,
    51.647389365919004,
    50.13434139024064,
    49.604406756149906,
    49.2325596104408,
    48.63201758898959,
    48.58321648679164,
    47.85631878229066,
    48.66579330171009,
    46.635071582338036,
    46.1895535227893,
    45.921618916770775,
    45.576759491741186,
    46.37879259034905
  ],
  "val_perplexity": [
    4610.503627219116,
    3693.7885617803454,
    1721.2091190748115,
    1025.9990385279832,
    854.5777527694772,
    747.6548582428785,
    625.9876095482764,
    508.26467759345786,
    423.8397801852796,
    370.81942445837274,
    333.20924519308886,
    223.30548584764605,
    171.16829715459858,
    144.27300086127457,
    129.4835700454202,
    117.88949870517457,
    110.93757832520059,
    106.2881105412606,
    102.61702520683002,
    98.97296434981804,
    94.9219795620457,
    91.17034181325182,
    89.45978511820603,
    87.7994902293247,
    86.4200693133932,
    85.0994418269014,
    81.94363301030012,
    81.39939245604207,
    81.41973366679944,
    79.53618855652377,
    77.25062129069492,
    76.72101256391095,
    76.05314274174943,
    75.15795751782603,
    74.8600538907601,
    74.05069792112647,
    73.39854845047948,
    72.66532809061282,
    71.53746034196021,
    71.35250731967008,
    69.92589557103386,
    70.21735460901137,
    70.17364041147793,
    67.57426883375066,
    67.61152764397788,
    67.10754246129979,
    66.51714258825177,
    66.81513115873278,
    65.16887163162826,
    65.39888933844207,
    66.56575207997312,
    64.9024528917617,
    64.21621597022042,
    64.4808939011961,
    64.3103209574536,
    62.71889858700247,
    64.5778501604546,
    62.513179535132025,
    62.09188967312614
  ]
}