{
  "steps": [
    0,
    1000,
    2000,
    2999
  ],
  "train_loss": [
    8.457820892333984,
    4.899618148803711,
    4.566319465637207,
    4.419205665588379
  ],
  "val_loss": [
    8.46709156036377,
    4.908835411071777,
    4.563568592071533,
    4.429145336151123
  ],
  "train_perplexity": [
    4711.779328083475,
    134.2385107610863,
    96.18942896713234,
    83.03030532797932
  ],
  "val_perplexity": [
    4755.663774827801,
    135.48154219417398,
    95.92518762358574,
    83.85971440758365
  ]
}