{
  "steps": [
    0,
    100,
    200,
    250,
    300,
    400,
    500,
    600,
    700,
    750,
    800,
    900,
    1000,
    1250,
    1500,
    1750,
    2000,
    2250,
    2500,
    2750,
    3000,
    3250,
    3500
  ],
  "train_loss": [
    8.182238578796387,
    8.128154754638672,
    7.768620491027832,
    7.4363627433776855,
    7.207968235015869,
    6.948276996612549,
    6.844384670257568,
    6.820034980773926,
    6.811246871948242,
    6.810742378234863,
    6.810163497924805,
    6.809896945953369,
    6.808514595031738,
    6.80605936050415,
    6.809333324432373,
    6.8079833984375,
    6.802722454071045,
    6.807177543640137,
    6.807831287384033,
    6.807785987854004,
    6.8049540519714355,
    6.806632995605469,
    6.807427883148193
  ],
  "val_loss": [
    8.181167602539062,
    8.128223419189453,
    7.769134521484375,
    7.435113906860352,
    7.210316181182861,
    6.948795795440674,
    6.846205711364746,
    6.819338798522949,
    6.8125457763671875,
    6.811964988708496,
    6.8098344802856445,
    6.80485725402832,
    6.808013916015625,
    6.804510593414307,
    6.803132057189941,
    6.807451248168945,
    6.803221225738525,
    6.79982852935791,
    6.80517578125,
    6.806036949157715,
    6.803468704223633,
    6.80500602722168,
    6.805504322052002
  ],
  "train_perplexity": [
    3576.8527720551747,
    3388.541102966086,
    2365.206213580515,
    1696.5681313717841,
    1350.146298764168,
    1041.3539251966145,
    938.5955575202732,
    916.0170525061378,
    908.002263961852,
    907.5442980581223,
    907.0190905642755,
    906.7773550565253,
    905.5247365227096,
    903.3041880231755,
    906.2664198250354,
    905.0438525999289,
    900.2949699988908,
    904.3148124591879,
    904.9061958958948,
    904.8652049989413,
    902.3063097797777,
    903.8225036604019,
    904.5412265234776
  ],
  "val_perplexity": [
    3573.0240982356927,
    3388.773783607089,
    2366.4223141398857,
    1694.4507175622177,
    1353.3200940834524,
    1041.8943185582705,
    940.3063358395822,
    915.3795596239538,
    909.1824384159033,
    908.6545497866116,
    906.7207143726316,
    902.2189726120284,
    905.0714727678553,
    901.9062630341867,
    900.6638091602078,
    904.5623613949136,
    900.7441236255416,
    897.6933503973997,
    902.5063996889652,
    903.2839439869299,
    900.9670660023089,
    902.3532085948037,
    902.8029585785112
  ]
}