{
  "steps": [
    0,
    100,
    200,
    300,
    400,
    500,
    600,
    700,
    800,
    900,
    1000,
    1500,
    2000,
    2500,
    3000,
    3500,
    4000,
    4500,
    5000,
    5500,
    6000,
    6500,
    7000,
    7500,
    8000,
    8500,
    9000,
    9500,
    10000,
    10500,
    11000,
    11500,
    12000,
    12500,
    13000,
    13500,
    14000,
    14500,
    15000,
    15500,
    16000,
    16500,
    17000,
    17500,
    18000,
    18500,
    19000,
    19500,
    20000,
    20500,
    21000,
    21500,
    22000,
    22500,
    23000,
    23500,
    24000,
    24500,
    24999
  ],
  "train_loss": [
    8.307979583740234,
    8.128284454345703,
    7.562425136566162,
    7.072524547576904,
    6.878293514251709,
    6.860358715057373,
    6.656002044677734,
    6.170969009399414,
    5.92722225189209,
    5.767416954040527,
    5.624581336975098,
    5.169512748718262,
    4.942126750946045,
    4.814761161804199,
    4.72585916519165,
    4.676181793212891,
    4.624866485595703,
    4.578542232513428,
    4.54707145690918,
    4.5173139572143555,
    4.4804582595825195,
    4.441986083984375,
    4.435163974761963,
    4.424417018890381,
    4.4058332443237305,
    4.3887038230896,
    4.3745198249816895,
    4.361757278442383,
    4.336822032928467,
    4.326906204223633,
    4.319616317749023,
    4.310014724731445,
    4.305723667144775,
    4.297180652618408,
    4.297259330749512,
    4.267061233520508,
    4.2702741622924805,
    4.264397621154785,
    4.2678608894348145,
    4.255026817321777,
    4.2386274337768555,
    4.243409633636475,
    4.239864349365234,
    4.226041316986084,
    4.218101501464844,
    4.211421966552734,
    4.22408390045166,
    4.2004075050354,
    4.195834159851074,
    4.202996730804443,
    4.188514232635498,
    4.186977863311768,
    4.191302299499512,
    4.172837257385254,
    4.1885600090026855,
    4.188948154449463,
    4.179569244384766,
    4.183465480804443,
    4.172961235046387
  ],
  "val_loss": [
    8.308183670043945,
    8.128460884094238,
    7.5633697509765625,
    7.07125997543335,
    6.8758697509765625,
    6.861112594604492,
    6.657260894775391,
    6.165034294128418,
    5.9464430809021,
    5.773899078369141,
    5.6355366706848145,
    5.175567150115967,
    4.935298442840576,
    4.808842658996582,
    4.7275166511535645,
    4.6841559410095215,
    4.62162971496582,
    4.581792831420898,
    4.543521404266357,
    4.512024402618408,
    4.492783069610596,
    4.470303535461426,
    4.4384236335754395,
    4.433814525604248,
    4.414813995361328,
    4.395327568054199,
    4.377029895782471,
    4.357650279998779,
    4.348395347595215,
    4.338837146759033,
    4.3345947265625,
    4.325805187225342,
    4.30137825012207,
    4.3031134605407715,
    4.281255722045898,
    4.2870917320251465,
    4.2783203125,
    4.275279998779297,
    4.262911796569824,
    4.255873203277588,
    4.246444225311279,
    4.259869575500488,
    4.230276107788086,
    4.227313041687012,
    4.22097635269165,
    4.21749210357666,
    4.216440200805664,
    4.207828521728516,
    4.211793899536133,
    4.202512741088867,
    4.210901260375977,
    4.202380180358887,
    4.191534996032715,
    4.184474468231201,
    4.194640636444092,
    4.184198379516602,
    4.176639556884766,
    4.183933258056641,
    4.170076847076416
  ],
  "train_perplexity": [
    4056.1096695137785,
    3388.980624256679,
    1924.5070510775413,
    1179.121027071039,
    970.9680021547649,
    953.7091159587966,
    777.4365590738336,
    478.64969749667097,
    375.1111011753412,
    319.710837366203,
    277.1562251663499,
    175.82914363293924,
    140.06782238997056,
    123.31735589786678,
    112.82739411307223,
    107.35936872393071,
    101.98915515233008,
    97.37234445661566,
    94.3556786345603,
    91.58925462524549,
    88.27511632605298,
    84.94347913714095,
    84.36595764197051,
    83.46413502188463,
    81.92737993442353,
    80.53596244305004,
    79.40170368252845,
    78.39477489926959,
    76.46415224706107,
    75.70969353474857,
    75.15978528350122,
    74.44158506462381,
    74.12283630999731,
    73.49230101362717,
    73.49808347799518,
    71.31175877446854,
    71.54124684300874,
    71.12206463995061,
    71.36880645034793,
    70.45870667690589,
    69.31265031584381,
    69.64491109796909,
    69.39843725815689,
    68.44574016403008,
    67.90444534803312,
    67.45238668621037,
    68.31189437923386,
    66.71351159434676,
    66.40910428778075,
    66.88647175753759,
    65.92476928901974,
    65.82356226140405,
    66.1088284191439,
    64.8993272290082,
    65.9277871545384,
    65.95338169181875,
    65.33770256915285,
    65.59277028486801,
    64.90737379459402
  ],
  "val_perplexity": [
    4056.937550420379,
    3389.578594004282,
    1926.3258270566653,
    1177.6308858604366,
    968.617455305081,
    954.428368836171,
    778.4158514239565,
    475.8174604006627,
    382.39078416583646,
    321.7899740945194,
    280.20925705920143,
    176.89691293623153,
    139.11465410989206,
    122.58965734790465,
    113.01455900367415,
    108.21889062027383,
    101.65957332849389,
    97.68937788822915,
    94.02130488164346,
    91.10606731194659,
    89.36982253077588,
    87.38324290132913,
    84.64141057674964,
    84.25218685270346,
    82.6664631303789,
    81.0711827432826,
    79.60125792333723,
    78.07346793600594,
    77.35423662008441,
    76.61839157050049,
    76.29403267852067,
    75.6263817474945,
    73.80144048051247,
    73.92961267965701,
    72.33121090002592,
    72.75457073315424,
    72.119200494003,
    71.90026847886134,
    71.01646819609844,
    70.51836718104663,
    69.8565759611647,
    70.80074869985631,
    68.7362081564131,
    68.5328396740304,
    68.09994140243933,
    67.86307712857277,
    67.79172930176011,
    67.21043523634098,
    67.47747911969049,
    66.8541072257778,
    67.41727295458766,
    66.84524558388759,
    66.12421350428973,
    65.65898596514849,
    66.32989074838656,
    65.64086076230856,
    65.14656364403032,
    65.6234602681943,
    64.72042549178902
  ]
}